[15:01:09] 🟡 STALL: 04-10 15:00:21.738 14697 14697 I Finsky  : [2] [ContentSync] Installation state replication failed, parameters=Id: 12-1, CT: 1775813386224, Constraints: [{ L: 20000, D: 86400000, C: CHARGING_NONE, I: IDLE_NONE, N: NET_ANY, B: BATTERY_ANY }].
[15:01:14] 🟡 STALL: 04-10 15:00:21.738 14697 14697 I Finsky  : [2] [ContentSync] Installation state replication failed, parameters=Id: 12-1, CT: 1775813386224, Constraints: [{ L: 20000, D: 86400000, C: CHARGING_NONE, I: IDLE_NONE, N: NET_ANY, B: BATTERY_ANY }].
04-10 15:01:14.229 14697 14697 I Finsky  : [2] [ContentSync] Installation state replication failed, parameters=Id: 12-1, CT: 1775813421754, Constraints: [{ L: 40000, D: 86400000, C: CHARGING_NONE, I: IDLE_NONE, N: NET_ANY, B: BATTERY_ANY }].
[15:01:20] 🟡 STALL: 04-10 15:00:21.738 14697 14697 I Finsky  : [2] [ContentSync] Installation state replication failed, parameters=Id: 12-1, CT: 1775813386224, Constraints: [{ L: 20000, D: 86400000, C: CHARGING_NONE, I: IDLE_NONE, N: NET_ANY, B: BATTERY_ANY }].
04-10 15:01:14.229 14697 14697 I Finsky  : [2] [ContentSync] Installation state replication failed, parameters=Id: 12-1, CT: 1775813421754, Constraints: [{ L: 40000, D: 86400000, C: CHARGING_NONE, I: IDLE_NONE, N: NET_ANY, B: BATTERY_ANY }].
[15:01:27] 🟡 STALL: 04-10 15:00:21.738 14697 14697 I Finsky  : [2] [ContentSync] Installation state replication failed, parameters=Id: 12-1, CT: 1775813386224, Constraints: [{ L: 20000, D: 86400000, C: CHARGING_NONE, I: IDLE_NONE, N: NET_ANY, B: BATTERY_ANY }].
04-10 15:01:14.229 14697 14697 I Finsky  : [2] [ContentSync] Installation state replication failed, parameters=Id: 12-1, CT: 1775813421754, Constraints: [{ L: 40000, D: 86400000, C: CHARGING_NONE, I: IDLE_NONE, N: NET_ANY, B: BATTERY_ANY }].
[15:01:32] 🟡 STALL: 04-10 15:00:21.738 14697 14697 I Finsky  : [2] [ContentSync] Installation state replication failed, parameters=Id: 12-1, CT: 1775813386224, Constraints: [{ L: 20000, D: 86400000, C: CHARGING_NONE, I: IDLE_NONE, N: NET_ANY, B: BATTERY_ANY }].
04-10 15:01:14.229 14697 14697 I Finsky  : [2] [ContentSync] Installation state replication failed, parameters=Id: 12-1, CT: 1775813421754, Constraints: [{ L: 40000, D: 86400000, C: CHARGING_NONE, I: IDLE_NONE, N: NET_ANY, B: BATTERY_ANY }].
[15:01:38] 🟡 STALL: 04-10 15:00:21.738 14697 14697 I Finsky  : [2] [ContentSync] Installation state replication failed, parameters=Id: 12-1, CT: 1775813386224, Constraints: [{ L: 20000, D: 86400000, C: CHARGING_NONE, I: IDLE_NONE, N: NET_ANY, B: BATTERY_ANY }].
04-10 15:01:14.229 14697 14697 I Finsky  : [2] [ContentSync] Installation state replication failed, parameters=Id: 12-1, CT: 1775813421754, Constraints: [{ L: 40000, D: 86400000, C: CHARGING_NONE, I: IDLE_NONE, N: NET_ANY, B: BATTERY_ANY }].
[15:01:45] 🟡 STALL: 04-10 15:00:21.738 14697 14697 I Finsky  : [2] [ContentSync] Installation state replication failed, parameters=Id: 12-1, CT: 1775813386224, Constraints: [{ L: 20000, D: 86400000, C: CHARGING_NONE, I: IDLE_NONE, N: NET_ANY, B: BATTERY_ANY }].
04-10 15:01:14.229 14697 14697 I Finsky  : [2] [ContentSync] Installation state replication failed, parameters=Id: 12-1, CT: 1775813421754, Constraints: [{ L: 40000, D: 86400000, C: CHARGING_NONE, I: IDLE_NONE, N: NET_ANY, B: BATTERY_ANY }].
[15:01:50] 🟡 STALL: 04-10 15:00:21.738 14697 14697 I Finsky  : [2] [ContentSync] Installation state replication failed, parameters=Id: 12-1, CT: 1775813386224, Constraints: [{ L: 20000, D: 86400000, C: CHARGING_NONE, I: IDLE_NONE, N: NET_ANY, B: BATTERY_ANY }].
04-10 15:01:14.229 14697 14697 I Finsky  : [2] [ContentSync] Installation state replication failed, parameters=Id: 12-1, CT: 1775813421754, Constraints: [{ L: 40000, D: 86400000, C: CHARGING_NONE, I: IDLE_NONE, N: NET_ANY, B: BATTERY_ANY }].
[15:01:55] 🟡 STALL: 04-10 15:00:21.738 14697 14697 I Finsky  : [2] [ContentSync] Installation state replication failed, parameters=Id: 12-1, CT: 1775813386224, Constraints: [{ L: 20000, D: 86400000, C: CHARGING_NONE, I: IDLE_NONE, N: NET_ANY, B: BATTERY_ANY }].
04-10 15:01:14.229 14697 14697 I Finsky  : [2] [ContentSync] Installation state replication failed, parameters=Id: 12-1, CT: 1775813421754, Constraints: [{ L: 40000, D: 86400000, C: CHARGING_NONE, I: IDLE_NONE, N: NET_ANY, B: BATTERY_ANY }].
[15:02:01] 🟡 STALL: 04-10 15:00:21.738 14697 14697 I Finsky  : [2] [ContentSync] Installation state replication failed, parameters=Id: 12-1, CT: 1775813386224, Constraints: [{ L: 20000, D: 86400000, C: CHARGING_NONE, I: IDLE_NONE, N: NET_ANY, B: BATTERY_ANY }].
04-10 15:01:14.229 14697 14697 I Finsky  : [2] [ContentSync] Installation state replication failed, parameters=Id: 12-1, CT: 1775813421754, Constraints: [{ L: 40000, D: 86400000, C: CHARGING_NONE, I: IDLE_NONE, N: NET_ANY, B: BATTERY_ANY }].
[15:02:06] 🟡 STALL: 04-10 15:00:21.738 14697 14697 I Finsky  : [2] [ContentSync] Installation state replication failed, parameters=Id: 12-1, CT: 1775813386224, Constraints: [{ L: 20000, D: 86400000, C: CHARGING_NONE, I: IDLE_NONE, N: NET_ANY, B: BATTERY_ANY }].
04-10 15:01:14.229 14697 14697 I Finsky  : [2] [ContentSync] Installation state replication failed, parameters=Id: 12-1, CT: 1775813421754, Constraints: [{ L: 40000, D: 86400000, C: CHARGING_NONE, I: IDLE_NONE, N: NET_ANY, B: BATTERY_ANY }].
[15:02:12] 🟡 STALL: 04-10 15:00:21.738 14697 14697 I Finsky  : [2] [ContentSync] Installation state replication failed, parameters=Id: 12-1, CT: 1775813386224, Constraints: [{ L: 20000, D: 86400000, C: CHARGING_NONE, I: IDLE_NONE, N: NET_ANY, B: BATTERY_ANY }].
04-10 15:01:14.229 14697 14697 I Finsky  : [2] [ContentSync] Installation state replication failed, parameters=Id: 12-1, CT: 1775813421754, Constraints: [{ L: 40000, D: 86400000, C: CHARGING_NONE, I: IDLE_NONE, N: NET_ANY, B: BATTERY_ANY }].
[15:02:18] 🟡 STALL: 04-10 15:00:21.738 14697 14697 I Finsky  : [2] [ContentSync] Installation state replication failed, parameters=Id: 12-1, CT: 1775813386224, Constraints: [{ L: 20000, D: 86400000, C: CHARGING_NONE, I: IDLE_NONE, N: NET_ANY, B: BATTERY_ANY }].
04-10 15:01:14.229 14697 14697 I Finsky  : [2] [ContentSync] Installation state replication failed, parameters=Id: 12-1, CT: 1775813421754, Constraints: [{ L: 40000, D: 86400000, C: CHARGING_NONE, I: IDLE_NONE, N: NET_ANY, B: BATTERY_ANY }].
[15:02:23] 🟡 STALL: 04-10 15:00:21.738 14697 14697 I Finsky  : [2] [ContentSync] Installation state replication failed, parameters=Id: 12-1, CT: 1775813386224, Constraints: [{ L: 20000, D: 86400000, C: CHARGING_NONE, I: IDLE_NONE, N: NET_ANY, B: BATTERY_ANY }].
04-10 15:01:14.229 14697 14697 I Finsky  : [2] [ContentSync] Installation state replication failed, parameters=Id: 12-1, CT: 1775813421754, Constraints: [{ L: 40000, D: 86400000, C: CHARGING_NONE, I: IDLE_NONE, N: NET_ANY, B: BATTERY_ANY }].
[15:02:29] 🟡 STALL: 04-10 15:00:21.738 14697 14697 I Finsky  : [2] [ContentSync] Installation state replication failed, parameters=Id: 12-1, CT: 1775813386224, Constraints: [{ L: 20000, D: 86400000, C: CHARGING_NONE, I: IDLE_NONE, N: NET_ANY, B: BATTERY_ANY }].
04-10 15:01:14.229 14697 14697 I Finsky  : [2] [ContentSync] Installation state replication failed, parameters=Id: 12-1, CT: 1775813421754, Constraints: [{ L: 40000, D: 86400000, C: CHARGING_NONE, I: IDLE_NONE, N: NET_ANY, B: BATTERY_ANY }].
[15:02:34] 🟡 STALL: 04-10 15:00:21.738 14697 14697 I Finsky  : [2] [ContentSync] Installation state replication failed, parameters=Id: 12-1, CT: 1775813386224, Constraints: [{ L: 20000, D: 86400000, C: CHARGING_NONE, I: IDLE_NONE, N: NET_ANY, B: BATTERY_ANY }].
04-10 15:01:14.229 14697 14697 I Finsky  : [2] [ContentSync] Installation state replication failed, parameters=Id: 12-1, CT: 1775813421754, Constraints: [{ L: 40000, D: 86400000, C: CHARGING_NONE, I: IDLE_NONE, N: NET_ANY, B: BATTERY_ANY }].
[15:02:39] 🟡 STALL: 04-10 15:00:21.738 14697 14697 I Finsky  : [2] [ContentSync] Installation state replication failed, parameters=Id: 12-1, CT: 1775813386224, Constraints: [{ L: 20000, D: 86400000, C: CHARGING_NONE, I: IDLE_NONE, N: NET_ANY, B: BATTERY_ANY }].
04-10 15:01:14.229 14697 14697 I Finsky  : [2] [ContentSync] Installation state replication failed, parameters=Id: 12-1, CT: 1775813421754, Constraints: [{ L: 40000, D: 86400000, C: CHARGING_NONE, I: IDLE_NONE, N: NET_ANY, B: BATTERY_ANY }].
[15:02:45] 🟡 STALL: 04-10 15:00:21.738 14697 14697 I Finsky  : [2] [ContentSync] Installation state replication failed, parameters=Id: 12-1, CT: 1775813386224, Constraints: [{ L: 20000, D: 86400000, C: CHARGING_NONE, I: IDLE_NONE, N: NET_ANY, B: BATTERY_ANY }].
04-10 15:01:14.229 14697 14697 I Finsky  : [2] [ContentSync] Installation state replication failed, parameters=Id: 12-1, CT: 1775813421754, Constraints: [{ L: 40000, D: 86400000, C: CHARGING_NONE, I: IDLE_NONE, N: NET_ANY, B: BATTERY_ANY }].
[15:02:51] 🟡 STALL: 04-10 15:00:21.738 14697 14697 I Finsky  : [2] [ContentSync] Installation state replication failed, parameters=Id: 12-1, CT: 1775813386224, Constraints: [{ L: 20000, D: 86400000, C: CHARGING_NONE, I: IDLE_NONE, N: NET_ANY, B: BATTERY_ANY }].
04-10 15:01:14.229 14697 14697 I Finsky  : [2] [ContentSync] Installation state replication failed, parameters=Id: 12-1, CT: 1775813421754, Constraints: [{ L: 40000, D: 86400000, C: CHARGING_NONE, I: IDLE_NONE, N: NET_ANY, B: BATTERY_ANY }].
[15:02:57] 🟡 STALL: 04-10 15:00:21.738 14697 14697 I Finsky  : [2] [ContentSync] Installation state replication failed, parameters=Id: 12-1, CT: 1775813386224, Constraints: [{ L: 20000, D: 86400000, C: CHARGING_NONE, I: IDLE_NONE, N: NET_ANY, B: BATTERY_ANY }].
04-10 15:01:14.229 14697 14697 I Finsky  : [2] [ContentSync] Installation state replication failed, parameters=Id: 12-1, CT: 1775813421754, Constraints: [{ L: 40000, D: 86400000, C: CHARGING_NONE, I: IDLE_NONE, N: NET_ANY, B: BATTERY_ANY }].
[15:03:02] 🟡 STALL: 04-10 15:00:21.738 14697 14697 I Finsky  : [2] [ContentSync] Installation state replication failed, parameters=Id: 12-1, CT: 1775813386224, Constraints: [{ L: 20000, D: 86400000, C: CHARGING_NONE, I: IDLE_NONE, N: NET_ANY, B: BATTERY_ANY }].
04-10 15:01:14.229 14697 14697 I Finsky  : [2] [ContentSync] Installation state replication failed, parameters=Id: 12-1, CT: 1775813421754, Constraints: [{ L: 40000, D: 86400000, C: CHARGING_NONE, I: IDLE_NONE, N: NET_ANY, B: BATTERY_ANY }].
04-10 15:02:59.187 14697 14697 I Finsky  : [2] [ContentSync] Installation state replication failed, parameters=Id: 12-1, CT: 1775813474241, Constraints: [{ L: 60000, D: 86400000, C: CHARGING_NONE, I: IDLE_NONE, N: NET_ANY, B: BATTERY_ANY }].
[15:03:08] 🟡 STALL: 04-10 15:00:21.738 14697 14697 I Finsky  : [2] [ContentSync] Installation state replication failed, parameters=Id: 12-1, CT: 1775813386224, Constraints: [{ L: 20000, D: 86400000, C: CHARGING_NONE, I: IDLE_NONE, N: NET_ANY, B: BATTERY_ANY }].
04-10 15:01:14.229 14697 14697 I Finsky  : [2] [ContentSync] Installation state replication failed, parameters=Id: 12-1, CT: 1775813421754, Constraints: [{ L: 40000, D: 86400000, C: CHARGING_NONE, I: IDLE_NONE, N: NET_ANY, B: BATTERY_ANY }].
04-10 15:02:59.187 14697 14697 I Finsky  : [2] [ContentSync] Installation state replication failed, parameters=Id: 12-1, CT: 1775813474241, Constraints: [{ L: 60000, D: 86400000, C: CHARGING_NONE, I: IDLE_NONE, N: NET_ANY, B: BATTERY_ANY }].
[15:03:13] 🟡 STALL: 04-10 15:00:21.738 14697 14697 I Finsky  : [2] [ContentSync] Installation state replication failed, parameters=Id: 12-1, CT: 1775813386224, Constraints: [{ L: 20000, D: 86400000, C: CHARGING_NONE, I: IDLE_NONE, N: NET_ANY, B: BATTERY_ANY }].
04-10 15:01:14.229 14697 14697 I Finsky  : [2] [ContentSync] Installation state replication failed, parameters=Id: 12-1, CT: 1775813421754, Constraints: [{ L: 40000, D: 86400000, C: CHARGING_NONE, I: IDLE_NONE, N: NET_ANY, B: BATTERY_ANY }].
04-10 15:02:59.187 14697 14697 I Finsky  : [2] [ContentSync] Installation state replication failed, parameters=Id: 12-1, CT: 1775813474241, Constraints: [{ L: 60000, D: 86400000, C: CHARGING_NONE, I: IDLE_NONE, N: NET_ANY, B: BATTERY_ANY }].
[15:03:19] 🟡 STALL: 04-10 15:00:21.738 14697 14697 I Finsky  : [2] [ContentSync] Installation state replication failed, parameters=Id: 12-1, CT: 1775813386224, Constraints: [{ L: 20000, D: 86400000, C: CHARGING_NONE, I: IDLE_NONE, N: NET_ANY, B: BATTERY_ANY }].
04-10 15:01:14.229 14697 14697 I Finsky  : [2] [ContentSync] Installation state replication failed, parameters=Id: 12-1, CT: 1775813421754, Constraints: [{ L: 40000, D: 86400000, C: CHARGING_NONE, I: IDLE_NONE, N: NET_ANY, B: BATTERY_ANY }].
04-10 15:02:59.187 14697 14697 I Finsky  : [2] [ContentSync] Installation state replication failed, parameters=Id: 12-1, CT: 1775813474241, Constraints: [{ L: 60000, D: 86400000, C: CHARGING_NONE, I: IDLE_NONE, N: NET_ANY, B: BATTERY_ANY }].
[15:03:26] 🟡 STALL: 04-10 15:00:21.738 14697 14697 I Finsky  : [2] [ContentSync] Installation state replication failed, parameters=Id: 12-1, CT: 1775813386224, Constraints: [{ L: 20000, D: 86400000, C: CHARGING_NONE, I: IDLE_NONE, N: NET_ANY, B: BATTERY_ANY }].
04-10 15:01:14.229 14697 14697 I Finsky  : [2] [ContentSync] Installation state replication failed, parameters=Id: 12-1, CT: 1775813421754, Constraints: [{ L: 40000, D: 86400000, C: CHARGING_NONE, I: IDLE_NONE, N: NET_ANY, B: BATTERY_ANY }].
04-10 15:02:59.187 14697 14697 I Finsky  : [2] [ContentSync] Installation state replication failed, parameters=Id: 12-1, CT: 1775813474241, Constraints: [{ L: 60000, D: 86400000, C: CHARGING_NONE, I: IDLE_NONE, N: NET_ANY, B: BATTERY_ANY }].
[15:03:31] 🟡 STALL: 04-10 15:02:59.187 14697 14697 I Finsky  : [2] [ContentSync] Installation state replication failed, parameters=Id: 12-1, CT: 1775813474241, Constraints: [{ L: 60000, D: 86400000, C: CHARGING_NONE, I: IDLE_NONE, N: NET_ANY, B: BATTERY_ANY }].
04-10 15:03:29.410   216   216 I lowmemorykiller: Kill 'com.android.vending:instant_app_installer' (19029), uid 10057, oom_score_adj 955 to free 49588kB rss, 32868kB swap; reason: low watermark is breached and swap is low (80464kB < 81916kB)
04-10 15:03:29.459   825  2714 I ActivityManager: Process com.android.vending:instant_app_installer (pid 19029) has died: cch+45 CEM 
[15:03:37] 🟡 STALL: 04-10 15:02:59.187 14697 14697 I Finsky  : [2] [ContentSync] Installation state replication failed, parameters=Id: 12-1, CT: 1775813474241, Constraints: [{ L: 60000, D: 86400000, C: CHARGING_NONE, I: IDLE_NONE, N: NET_ANY, B: BATTERY_ANY }].
04-10 15:03:29.410   216   216 I lowmemorykiller: Kill 'com.android.vending:instant_app_installer' (19029), uid 10057, oom_score_adj 955 to free 49588kB rss, 32868kB swap; reason: low watermark is breached and swap is low (80464kB < 81916kB)
04-10 15:03:29.459   825  2714 I ActivityManager: Process com.android.vending:instant_app_installer (pid 19029) has died: cch+45 CEM 
[15:03:43] 🟡 STALL: 04-10 15:02:59.187 14697 14697 I Finsky  : [2] [ContentSync] Installation state replication failed, parameters=Id: 12-1, CT: 1775813474241, Constraints: [{ L: 60000, D: 86400000, C: CHARGING_NONE, I: IDLE_NONE, N: NET_ANY, B: BATTERY_ANY }].
04-10 15:03:29.410   216   216 I lowmemorykiller: Kill 'com.android.vending:instant_app_installer' (19029), uid 10057, oom_score_adj 955 to free 49588kB rss, 32868kB swap; reason: low watermark is breached and swap is low (80464kB < 81916kB)
04-10 15:03:29.459   825  2714 I ActivityManager: Process com.android.vending:instant_app_installer (pid 19029) has died: cch+45 CEM 
[15:03:49] 🟡 STALL: 04-10 15:02:59.187 14697 14697 I Finsky  : [2] [ContentSync] Installation state replication failed, parameters=Id: 12-1, CT: 1775813474241, Constraints: [{ L: 60000, D: 86400000, C: CHARGING_NONE, I: IDLE_NONE, N: NET_ANY, B: BATTERY_ANY }].
04-10 15:03:29.410   216   216 I lowmemorykiller: Kill 'com.android.vending:instant_app_installer' (19029), uid 10057, oom_score_adj 955 to free 49588kB rss, 32868kB swap; reason: low watermark is breached and swap is low (80464kB < 81916kB)
04-10 15:03:29.459   825  2714 I ActivityManager: Process com.android.vending:instant_app_installer (pid 19029) has died: cch+45 CEM 
[15:03:55] 🟡 STALL: 04-10 15:02:59.187 14697 14697 I Finsky  : [2] [ContentSync] Installation state replication failed, parameters=Id: 12-1, CT: 1775813474241, Constraints: [{ L: 60000, D: 86400000, C: CHARGING_NONE, I: IDLE_NONE, N: NET_ANY, B: BATTERY_ANY }].
04-10 15:03:29.410   216   216 I lowmemorykiller: Kill 'com.android.vending:instant_app_installer' (19029), uid 10057, oom_score_adj 955 to free 49588kB rss, 32868kB swap; reason: low watermark is breached and swap is low (80464kB < 81916kB)
04-10 15:03:29.459   825  2714 I ActivityManager: Process com.android.vending:instant_app_installer (pid 19029) has died: cch+45 CEM 
[15:04:01] 🟡 STALL: 04-10 15:02:59.187 14697 14697 I Finsky  : [2] [ContentSync] Installation state replication failed, parameters=Id: 12-1, CT: 1775813474241, Constraints: [{ L: 60000, D: 86400000, C: CHARGING_NONE, I: IDLE_NONE, N: NET_ANY, B: BATTERY_ANY }].
04-10 15:03:29.410   216   216 I lowmemorykiller: Kill 'com.android.vending:instant_app_installer' (19029), uid 10057, oom_score_adj 955 to free 49588kB rss, 32868kB swap; reason: low watermark is breached and swap is low (80464kB < 81916kB)
04-10 15:03:29.459   825  2714 I ActivityManager: Process com.android.vending:instant_app_installer (pid 19029) has died: cch+45 CEM 
[15:04:06] 🟡 STALL: 04-10 15:02:59.187 14697 14697 I Finsky  : [2] [ContentSync] Installation state replication failed, parameters=Id: 12-1, CT: 1775813474241, Constraints: [{ L: 60000, D: 86400000, C: CHARGING_NONE, I: IDLE_NONE, N: NET_ANY, B: BATTERY_ANY }].
04-10 15:03:29.410   216   216 I lowmemorykiller: Kill 'com.android.vending:instant_app_installer' (19029), uid 10057, oom_score_adj 955 to free 49588kB rss, 32868kB swap; reason: low watermark is breached and swap is low (80464kB < 81916kB)
04-10 15:03:29.459   825  2714 I ActivityManager: Process com.android.vending:instant_app_installer (pid 19029) has died: cch+45 CEM 
[15:04:12] 🟡 STALL: 04-10 15:02:59.187 14697 14697 I Finsky  : [2] [ContentSync] Installation state replication failed, parameters=Id: 12-1, CT: 1775813474241, Constraints: [{ L: 60000, D: 86400000, C: CHARGING_NONE, I: IDLE_NONE, N: NET_ANY, B: BATTERY_ANY }].
04-10 15:03:29.410   216   216 I lowmemorykiller: Kill 'com.android.vending:instant_app_installer' (19029), uid 10057, oom_score_adj 955 to free 49588kB rss, 32868kB swap; reason: low watermark is breached and swap is low (80464kB < 81916kB)
04-10 15:03:29.459   825  2714 I ActivityManager: Process com.android.vending:instant_app_installer (pid 19029) has died: cch+45 CEM 
[15:04:18] 🟡 STALL: 04-10 15:02:59.187 14697 14697 I Finsky  : [2] [ContentSync] Installation state replication failed, parameters=Id: 12-1, CT: 1775813474241, Constraints: [{ L: 60000, D: 86400000, C: CHARGING_NONE, I: IDLE_NONE, N: NET_ANY, B: BATTERY_ANY }].
04-10 15:03:29.410   216   216 I lowmemorykiller: Kill 'com.android.vending:instant_app_installer' (19029), uid 10057, oom_score_adj 955 to free 49588kB rss, 32868kB swap; reason: low watermark is breached and swap is low (80464kB < 81916kB)
04-10 15:03:29.459   825  2714 I ActivityManager: Process com.android.vending:instant_app_installer (pid 19029) has died: cch+45 CEM 
[15:04:23] 🟡 STALL: 04-10 15:02:59.187 14697 14697 I Finsky  : [2] [ContentSync] Installation state replication failed, parameters=Id: 12-1, CT: 1775813474241, Constraints: [{ L: 60000, D: 86400000, C: CHARGING_NONE, I: IDLE_NONE, N: NET_ANY, B: BATTERY_ANY }].
04-10 15:03:29.410   216   216 I lowmemorykiller: Kill 'com.android.vending:instant_app_installer' (19029), uid 10057, oom_score_adj 955 to free 49588kB rss, 32868kB swap; reason: low watermark is breached and swap is low (80464kB < 81916kB)
04-10 15:03:29.459   825  2714 I ActivityManager: Process com.android.vending:instant_app_installer (pid 19029) has died: cch+45 CEM 
[15:04:29] 🟡 STALL: 04-10 15:02:59.187 14697 14697 I Finsky  : [2] [ContentSync] Installation state replication failed, parameters=Id: 12-1, CT: 1775813474241, Constraints: [{ L: 60000, D: 86400000, C: CHARGING_NONE, I: IDLE_NONE, N: NET_ANY, B: BATTERY_ANY }].
04-10 15:03:29.410   216   216 I lowmemorykiller: Kill 'com.android.vending:instant_app_installer' (19029), uid 10057, oom_score_adj 955 to free 49588kB rss, 32868kB swap; reason: low watermark is breached and swap is low (80464kB < 81916kB)
04-10 15:03:29.459   825  2714 I ActivityManager: Process com.android.vending:instant_app_installer (pid 19029) has died: cch+45 CEM 
[15:04:35] 🟡 STALL: 04-10 15:02:59.187 14697 14697 I Finsky  : [2] [ContentSync] Installation state replication failed, parameters=Id: 12-1, CT: 1775813474241, Constraints: [{ L: 60000, D: 86400000, C: CHARGING_NONE, I: IDLE_NONE, N: NET_ANY, B: BATTERY_ANY }].
04-10 15:03:29.410   216   216 I lowmemorykiller: Kill 'com.android.vending:instant_app_installer' (19029), uid 10057, oom_score_adj 955 to free 49588kB rss, 32868kB swap; reason: low watermark is breached and swap is low (80464kB < 81916kB)
04-10 15:03:29.459   825  2714 I ActivityManager: Process com.android.vending:instant_app_installer (pid 19029) has died: cch+45 CEM 
[15:04:41] 🟡 STALL: 04-10 15:02:59.187 14697 14697 I Finsky  : [2] [ContentSync] Installation state replication failed, parameters=Id: 12-1, CT: 1775813474241, Constraints: [{ L: 60000, D: 86400000, C: CHARGING_NONE, I: IDLE_NONE, N: NET_ANY, B: BATTERY_ANY }].
04-10 15:03:29.410   216   216 I lowmemorykiller: Kill 'com.android.vending:instant_app_installer' (19029), uid 10057, oom_score_adj 955 to free 49588kB rss, 32868kB swap; reason: low watermark is breached and swap is low (80464kB < 81916kB)
04-10 15:03:29.459   825  2714 I ActivityManager: Process com.android.vending:instant_app_installer (pid 19029) has died: cch+45 CEM 
[15:04:47] 🟡 STALL: 04-10 15:02:59.187 14697 14697 I Finsky  : [2] [ContentSync] Installation state replication failed, parameters=Id: 12-1, CT: 1775813474241, Constraints: [{ L: 60000, D: 86400000, C: CHARGING_NONE, I: IDLE_NONE, N: NET_ANY, B: BATTERY_ANY }].
04-10 15:03:29.410   216   216 I lowmemorykiller: Kill 'com.android.vending:instant_app_installer' (19029), uid 10057, oom_score_adj 955 to free 49588kB rss, 32868kB swap; reason: low watermark is breached and swap is low (80464kB < 81916kB)
04-10 15:03:29.459   825  2714 I ActivityManager: Process com.android.vending:instant_app_installer (pid 19029) has died: cch+45 CEM 
[15:04:52] 🟡 STALL: 04-10 15:02:59.187 14697 14697 I Finsky  : [2] [ContentSync] Installation state replication failed, parameters=Id: 12-1, CT: 1775813474241, Constraints: [{ L: 60000, D: 86400000, C: CHARGING_NONE, I: IDLE_NONE, N: NET_ANY, B: BATTERY_ANY }].
04-10 15:03:29.410   216   216 I lowmemorykiller: Kill 'com.android.vending:instant_app_installer' (19029), uid 10057, oom_score_adj 955 to free 49588kB rss, 32868kB swap; reason: low watermark is breached and swap is low (80464kB < 81916kB)
04-10 15:03:29.459   825  2714 I ActivityManager: Process com.android.vending:instant_app_installer (pid 19029) has died: cch+45 CEM 
[15:04:58] 🟡 STALL: 04-10 15:02:59.187 14697 14697 I Finsky  : [2] [ContentSync] Installation state replication failed, parameters=Id: 12-1, CT: 1775813474241, Constraints: [{ L: 60000, D: 86400000, C: CHARGING_NONE, I: IDLE_NONE, N: NET_ANY, B: BATTERY_ANY }].
04-10 15:03:29.410   216   216 I lowmemorykiller: Kill 'com.android.vending:instant_app_installer' (19029), uid 10057, oom_score_adj 955 to free 49588kB rss, 32868kB swap; reason: low watermark is breached and swap is low (80464kB < 81916kB)
04-10 15:03:29.459   825  2714 I ActivityManager: Process com.android.vending:instant_app_installer (pid 19029) has died: cch+45 CEM 
[15:05:04] 🟡 STALL: 04-10 15:02:59.187 14697 14697 I Finsky  : [2] [ContentSync] Installation state replication failed, parameters=Id: 12-1, CT: 1775813474241, Constraints: [{ L: 60000, D: 86400000, C: CHARGING_NONE, I: IDLE_NONE, N: NET_ANY, B: BATTERY_ANY }].
04-10 15:03:29.410   216   216 I lowmemorykiller: Kill 'com.android.vending:instant_app_installer' (19029), uid 10057, oom_score_adj 955 to free 49588kB rss, 32868kB swap; reason: low watermark is breached and swap is low (80464kB < 81916kB)
04-10 15:03:29.459   825  2714 I ActivityManager: Process com.android.vending:instant_app_installer (pid 19029) has died: cch+45 CEM 
[15:05:10] 🟡 STALL: 04-10 15:03:29.410   216   216 I lowmemorykiller: Kill 'com.android.vending:instant_app_installer' (19029), uid 10057, oom_score_adj 955 to free 49588kB rss, 32868kB swap; reason: low watermark is breached and swap is low (80464kB < 81916kB)
04-10 15:03:29.459   825  2714 I ActivityManager: Process com.android.vending:instant_app_installer (pid 19029) has died: cch+45 CEM 
04-10 15:05:07.976 14697 14697 I Finsky  : [2] [ContentSync] Installation state replication failed, parameters=Id: 12-1, CT: 1775813579198, Constraints: [{ L: 80000, D: 86400000, C: CHARGING_NONE, I: IDLE_NONE, N: NET_ANY, B: BATTERY_ANY }].
[15:05:16] 🟡 STALL: 04-10 15:03:29.410   216   216 I lowmemorykiller: Kill 'com.android.vending:instant_app_installer' (19029), uid 10057, oom_score_adj 955 to free 49588kB rss, 32868kB swap; reason: low watermark is breached and swap is low (80464kB < 81916kB)
04-10 15:03:29.459   825  2714 I ActivityManager: Process com.android.vending:instant_app_installer (pid 19029) has died: cch+45 CEM 
04-10 15:05:07.976 14697 14697 I Finsky  : [2] [ContentSync] Installation state replication failed, parameters=Id: 12-1, CT: 1775813579198, Constraints: [{ L: 80000, D: 86400000, C: CHARGING_NONE, I: IDLE_NONE, N: NET_ANY, B: BATTERY_ANY }].
[15:05:22] 🟡 STALL: 04-10 15:03:29.410   216   216 I lowmemorykiller: Kill 'com.android.vending:instant_app_installer' (19029), uid 10057, oom_score_adj 955 to free 49588kB rss, 32868kB swap; reason: low watermark is breached and swap is low (80464kB < 81916kB)
04-10 15:03:29.459   825  2714 I ActivityManager: Process com.android.vending:instant_app_installer (pid 19029) has died: cch+45 CEM 
04-10 15:05:07.976 14697 14697 I Finsky  : [2] [ContentSync] Installation state replication failed, parameters=Id: 12-1, CT: 1775813579198, Constraints: [{ L: 80000, D: 86400000, C: CHARGING_NONE, I: IDLE_NONE, N: NET_ANY, B: BATTERY_ANY }].
[15:05:28] 🟡 STALL: 04-10 15:03:29.410   216   216 I lowmemorykiller: Kill 'com.android.vending:instant_app_installer' (19029), uid 10057, oom_score_adj 955 to free 49588kB rss, 32868kB swap; reason: low watermark is breached and swap is low (80464kB < 81916kB)
04-10 15:03:29.459   825  2714 I ActivityManager: Process com.android.vending:instant_app_installer (pid 19029) has died: cch+45 CEM 
04-10 15:05:07.976 14697 14697 I Finsky  : [2] [ContentSync] Installation state replication failed, parameters=Id: 12-1, CT: 1775813579198, Constraints: [{ L: 80000, D: 86400000, C: CHARGING_NONE, I: IDLE_NONE, N: NET_ANY, B: BATTERY_ANY }].
[15:05:34] 🟡 STALL: 04-10 15:03:29.410   216   216 I lowmemorykiller: Kill 'com.android.vending:instant_app_installer' (19029), uid 10057, oom_score_adj 955 to free 49588kB rss, 32868kB swap; reason: low watermark is breached and swap is low (80464kB < 81916kB)
04-10 15:03:29.459   825  2714 I ActivityManager: Process com.android.vending:instant_app_installer (pid 19029) has died: cch+45 CEM 
04-10 15:05:07.976 14697 14697 I Finsky  : [2] [ContentSync] Installation state replication failed, parameters=Id: 12-1, CT: 1775813579198, Constraints: [{ L: 80000, D: 86400000, C: CHARGING_NONE, I: IDLE_NONE, N: NET_ANY, B: BATTERY_ANY }].
[15:05:39] 🟡 STALL: 04-10 15:03:29.410   216   216 I lowmemorykiller: Kill 'com.android.vending:instant_app_installer' (19029), uid 10057, oom_score_adj 955 to free 49588kB rss, 32868kB swap; reason: low watermark is breached and swap is low (80464kB < 81916kB)
04-10 15:03:29.459   825  2714 I ActivityManager: Process com.android.vending:instant_app_installer (pid 19029) has died: cch+45 CEM 
04-10 15:05:07.976 14697 14697 I Finsky  : [2] [ContentSync] Installation state replication failed, parameters=Id: 12-1, CT: 1775813579198, Constraints: [{ L: 80000, D: 86400000, C: CHARGING_NONE, I: IDLE_NONE, N: NET_ANY, B: BATTERY_ANY }].
[15:05:46] 🟡 STALL: 04-10 15:03:29.410   216   216 I lowmemorykiller: Kill 'com.android.vending:instant_app_installer' (19029), uid 10057, oom_score_adj 955 to free 49588kB rss, 32868kB swap; reason: low watermark is breached and swap is low (80464kB < 81916kB)
04-10 15:03:29.459   825  2714 I ActivityManager: Process com.android.vending:instant_app_installer (pid 19029) has died: cch+45 CEM 
04-10 15:05:07.976 14697 14697 I Finsky  : [2] [ContentSync] Installation state replication failed, parameters=Id: 12-1, CT: 1775813579198, Constraints: [{ L: 80000, D: 86400000, C: CHARGING_NONE, I: IDLE_NONE, N: NET_ANY, B: BATTERY_ANY }].
[15:05:52] 🟡 STALL: 04-10 15:03:29.410   216   216 I lowmemorykiller: Kill 'com.android.vending:instant_app_installer' (19029), uid 10057, oom_score_adj 955 to free 49588kB rss, 32868kB swap; reason: low watermark is breached and swap is low (80464kB < 81916kB)
04-10 15:03:29.459   825  2714 I ActivityManager: Process com.android.vending:instant_app_installer (pid 19029) has died: cch+45 CEM 
04-10 15:05:07.976 14697 14697 I Finsky  : [2] [ContentSync] Installation state replication failed, parameters=Id: 12-1, CT: 1775813579198, Constraints: [{ L: 80000, D: 86400000, C: CHARGING_NONE, I: IDLE_NONE, N: NET_ANY, B: BATTERY_ANY }].
[15:05:58] 🟡 STALL: 04-10 15:03:29.410   216   216 I lowmemorykiller: Kill 'com.android.vending:instant_app_installer' (19029), uid 10057, oom_score_adj 955 to free 49588kB rss, 32868kB swap; reason: low watermark is breached and swap is low (80464kB < 81916kB)
04-10 15:03:29.459   825  2714 I ActivityManager: Process com.android.vending:instant_app_installer (pid 19029) has died: cch+45 CEM 
04-10 15:05:07.976 14697 14697 I Finsky  : [2] [ContentSync] Installation state replication failed, parameters=Id: 12-1, CT: 1775813579198, Constraints: [{ L: 80000, D: 86400000, C: CHARGING_NONE, I: IDLE_NONE, N: NET_ANY, B: BATTERY_ANY }].
[15:06:03] 🟡 STALL: 04-10 15:03:29.410   216   216 I lowmemorykiller: Kill 'com.android.vending:instant_app_installer' (19029), uid 10057, oom_score_adj 955 to free 49588kB rss, 32868kB swap; reason: low watermark is breached and swap is low (80464kB < 81916kB)
04-10 15:03:29.459   825  2714 I ActivityManager: Process com.android.vending:instant_app_installer (pid 19029) has died: cch+45 CEM 
04-10 15:05:07.976 14697 14697 I Finsky  : [2] [ContentSync] Installation state replication failed, parameters=Id: 12-1, CT: 1775813579198, Constraints: [{ L: 80000, D: 86400000, C: CHARGING_NONE, I: IDLE_NONE, N: NET_ANY, B: BATTERY_ANY }].
[15:06:09] 🟡 STALL: 04-10 15:03:29.410   216   216 I lowmemorykiller: Kill 'com.android.vending:instant_app_installer' (19029), uid 10057, oom_score_adj 955 to free 49588kB rss, 32868kB swap; reason: low watermark is breached and swap is low (80464kB < 81916kB)
04-10 15:03:29.459   825  2714 I ActivityManager: Process com.android.vending:instant_app_installer (pid 19029) has died: cch+45 CEM 
04-10 15:05:07.976 14697 14697 I Finsky  : [2] [ContentSync] Installation state replication failed, parameters=Id: 12-1, CT: 1775813579198, Constraints: [{ L: 80000, D: 86400000, C: CHARGING_NONE, I: IDLE_NONE, N: NET_ANY, B: BATTERY_ANY }].
[15:06:15] 🟡 STALL: 04-10 15:03:29.410   216   216 I lowmemorykiller: Kill 'com.android.vending:instant_app_installer' (19029), uid 10057, oom_score_adj 955 to free 49588kB rss, 32868kB swap; reason: low watermark is breached and swap is low (80464kB < 81916kB)
04-10 15:03:29.459   825  2714 I ActivityManager: Process com.android.vending:instant_app_installer (pid 19029) has died: cch+45 CEM 
04-10 15:05:07.976 14697 14697 I Finsky  : [2] [ContentSync] Installation state replication failed, parameters=Id: 12-1, CT: 1775813579198, Constraints: [{ L: 80000, D: 86400000, C: CHARGING_NONE, I: IDLE_NONE, N: NET_ANY, B: BATTERY_ANY }].
[15:06:21] 🟡 STALL: 04-10 15:03:29.410   216   216 I lowmemorykiller: Kill 'com.android.vending:instant_app_installer' (19029), uid 10057, oom_score_adj 955 to free 49588kB rss, 32868kB swap; reason: low watermark is breached and swap is low (80464kB < 81916kB)
04-10 15:03:29.459   825  2714 I ActivityManager: Process com.android.vending:instant_app_installer (pid 19029) has died: cch+45 CEM 
04-10 15:05:07.976 14697 14697 I Finsky  : [2] [ContentSync] Installation state replication failed, parameters=Id: 12-1, CT: 1775813579198, Constraints: [{ L: 80000, D: 86400000, C: CHARGING_NONE, I: IDLE_NONE, N: NET_ANY, B: BATTERY_ANY }].
[15:06:28] 🟡 STALL: 04-10 15:03:29.410   216   216 I lowmemorykiller: Kill 'com.android.vending:instant_app_installer' (19029), uid 10057, oom_score_adj 955 to free 49588kB rss, 32868kB swap; reason: low watermark is breached and swap is low (80464kB < 81916kB)
04-10 15:03:29.459   825  2714 I ActivityManager: Process com.android.vending:instant_app_installer (pid 19029) has died: cch+45 CEM 
04-10 15:05:07.976 14697 14697 I Finsky  : [2] [ContentSync] Installation state replication failed, parameters=Id: 12-1, CT: 1775813579198, Constraints: [{ L: 80000, D: 86400000, C: CHARGING_NONE, I: IDLE_NONE, N: NET_ANY, B: BATTERY_ANY }].
[15:06:34] 🟡 STALL: 04-10 15:03:29.410   216   216 I lowmemorykiller: Kill 'com.android.vending:instant_app_installer' (19029), uid 10057, oom_score_adj 955 to free 49588kB rss, 32868kB swap; reason: low watermark is breached and swap is low (80464kB < 81916kB)
04-10 15:03:29.459   825  2714 I ActivityManager: Process com.android.vending:instant_app_installer (pid 19029) has died: cch+45 CEM 
04-10 15:05:07.976 14697 14697 I Finsky  : [2] [ContentSync] Installation state replication failed, parameters=Id: 12-1, CT: 1775813579198, Constraints: [{ L: 80000, D: 86400000, C: CHARGING_NONE, I: IDLE_NONE, N: NET_ANY, B: BATTERY_ANY }].
[15:06:40] 🟡 STALL: 04-10 15:03:29.410   216   216 I lowmemorykiller: Kill 'com.android.vending:instant_app_installer' (19029), uid 10057, oom_score_adj 955 to free 49588kB rss, 32868kB swap; reason: low watermark is breached and swap is low (80464kB < 81916kB)
04-10 15:03:29.459   825  2714 I ActivityManager: Process com.android.vending:instant_app_installer (pid 19029) has died: cch+45 CEM 
04-10 15:05:07.976 14697 14697 I Finsky  : [2] [ContentSync] Installation state replication failed, parameters=Id: 12-1, CT: 1775813579198, Constraints: [{ L: 80000, D: 86400000, C: CHARGING_NONE, I: IDLE_NONE, N: NET_ANY, B: BATTERY_ANY }].
[15:06:46] 🟡 STALL: 04-10 15:03:29.410   216   216 I lowmemorykiller: Kill 'com.android.vending:instant_app_installer' (19029), uid 10057, oom_score_adj 955 to free 49588kB rss, 32868kB swap; reason: low watermark is breached and swap is low (80464kB < 81916kB)
04-10 15:03:29.459   825  2714 I ActivityManager: Process com.android.vending:instant_app_installer (pid 19029) has died: cch+45 CEM 
04-10 15:05:07.976 14697 14697 I Finsky  : [2] [ContentSync] Installation state replication failed, parameters=Id: 12-1, CT: 1775813579198, Constraints: [{ L: 80000, D: 86400000, C: CHARGING_NONE, I: IDLE_NONE, N: NET_ANY, B: BATTERY_ANY }].
[15:06:51] 🟡 STALL: 04-10 15:03:29.410   216   216 I lowmemorykiller: Kill 'com.android.vending:instant_app_installer' (19029), uid 10057, oom_score_adj 955 to free 49588kB rss, 32868kB swap; reason: low watermark is breached and swap is low (80464kB < 81916kB)
04-10 15:03:29.459   825  2714 I ActivityManager: Process com.android.vending:instant_app_installer (pid 19029) has died: cch+45 CEM 
04-10 15:05:07.976 14697 14697 I Finsky  : [2] [ContentSync] Installation state replication failed, parameters=Id: 12-1, CT: 1775813579198, Constraints: [{ L: 80000, D: 86400000, C: CHARGING_NONE, I: IDLE_NONE, N: NET_ANY, B: BATTERY_ANY }].
[15:06:58] 🟡 STALL: 04-10 15:03:29.410   216   216 I lowmemorykiller: Kill 'com.android.vending:instant_app_installer' (19029), uid 10057, oom_score_adj 955 to free 49588kB rss, 32868kB swap; reason: low watermark is breached and swap is low (80464kB < 81916kB)
04-10 15:03:29.459   825  2714 I ActivityManager: Process com.android.vending:instant_app_installer (pid 19029) has died: cch+45 CEM 
04-10 15:05:07.976 14697 14697 I Finsky  : [2] [ContentSync] Installation state replication failed, parameters=Id: 12-1, CT: 1775813579198, Constraints: [{ L: 80000, D: 86400000, C: CHARGING_NONE, I: IDLE_NONE, N: NET_ANY, B: BATTERY_ANY }].
[15:07:04] 🟡 STALL: 04-10 15:03:29.410   216   216 I lowmemorykiller: Kill 'com.android.vending:instant_app_installer' (19029), uid 10057, oom_score_adj 955 to free 49588kB rss, 32868kB swap; reason: low watermark is breached and swap is low (80464kB < 81916kB)
04-10 15:03:29.459   825  2714 I ActivityManager: Process com.android.vending:instant_app_installer (pid 19029) has died: cch+45 CEM 
04-10 15:05:07.976 14697 14697 I Finsky  : [2] [ContentSync] Installation state replication failed, parameters=Id: 12-1, CT: 1775813579198, Constraints: [{ L: 80000, D: 86400000, C: CHARGING_NONE, I: IDLE_NONE, N: NET_ANY, B: BATTERY_ANY }].
[15:07:09] 🟡 STALL: 04-10 15:03:29.410   216   216 I lowmemorykiller: Kill 'com.android.vending:instant_app_installer' (19029), uid 10057, oom_score_adj 955 to free 49588kB rss, 32868kB swap; reason: low watermark is breached and swap is low (80464kB < 81916kB)
04-10 15:03:29.459   825  2714 I ActivityManager: Process com.android.vending:instant_app_installer (pid 19029) has died: cch+45 CEM 
04-10 15:05:07.976 14697 14697 I Finsky  : [2] [ContentSync] Installation state replication failed, parameters=Id: 12-1, CT: 1775813579198, Constraints: [{ L: 80000, D: 86400000, C: CHARGING_NONE, I: IDLE_NONE, N: NET_ANY, B: BATTERY_ANY }].
[15:07:15] 🟡 STALL: 04-10 15:03:29.410   216   216 I lowmemorykiller: Kill 'com.android.vending:instant_app_installer' (19029), uid 10057, oom_score_adj 955 to free 49588kB rss, 32868kB swap; reason: low watermark is breached and swap is low (80464kB < 81916kB)
04-10 15:03:29.459   825  2714 I ActivityManager: Process com.android.vending:instant_app_installer (pid 19029) has died: cch+45 CEM 
04-10 15:05:07.976 14697 14697 I Finsky  : [2] [ContentSync] Installation state replication failed, parameters=Id: 12-1, CT: 1775813579198, Constraints: [{ L: 80000, D: 86400000, C: CHARGING_NONE, I: IDLE_NONE, N: NET_ANY, B: BATTERY_ANY }].
[15:07:21] 🟡 STALL: 04-10 15:03:29.459   825  2714 I ActivityManager: Process com.android.vending:instant_app_installer (pid 19029) has died: cch+45 CEM 
04-10 15:05:07.976 14697 14697 I Finsky  : [2] [ContentSync] Installation state replication failed, parameters=Id: 12-1, CT: 1775813579198, Constraints: [{ L: 80000, D: 86400000, C: CHARGING_NONE, I: IDLE_NONE, N: NET_ANY, B: BATTERY_ANY }].
04-10 15:07:19.422 14697 14697 I Finsky  : [2] [ContentSync] Installation state replication failed, parameters=Id: 12-1, CT: 1775813707987, Constraints: [{ L: 100000, D: 86400000, C: CHARGING_NONE, I: IDLE_NONE, N: NET_ANY, B: BATTERY_ANY }].
[15:07:28] 🟡 STALL: 04-10 15:03:29.459   825  2714 I ActivityManager: Process com.android.vending:instant_app_installer (pid 19029) has died: cch+45 CEM 
04-10 15:05:07.976 14697 14697 I Finsky  : [2] [ContentSync] Installation state replication failed, parameters=Id: 12-1, CT: 1775813579198, Constraints: [{ L: 80000, D: 86400000, C: CHARGING_NONE, I: IDLE_NONE, N: NET_ANY, B: BATTERY_ANY }].
04-10 15:07:19.422 14697 14697 I Finsky  : [2] [ContentSync] Installation state replication failed, parameters=Id: 12-1, CT: 1775813707987, Constraints: [{ L: 100000, D: 86400000, C: CHARGING_NONE, I: IDLE_NONE, N: NET_ANY, B: BATTERY_ANY }].
[15:07:34] 🟡 STALL: 04-10 15:03:29.459   825  2714 I ActivityManager: Process com.android.vending:instant_app_installer (pid 19029) has died: cch+45 CEM 
04-10 15:05:07.976 14697 14697 I Finsky  : [2] [ContentSync] Installation state replication failed, parameters=Id: 12-1, CT: 1775813579198, Constraints: [{ L: 80000, D: 86400000, C: CHARGING_NONE, I: IDLE_NONE, N: NET_ANY, B: BATTERY_ANY }].
04-10 15:07:19.422 14697 14697 I Finsky  : [2] [ContentSync] Installation state replication failed, parameters=Id: 12-1, CT: 1775813707987, Constraints: [{ L: 100000, D: 86400000, C: CHARGING_NONE, I: IDLE_NONE, N: NET_ANY, B: BATTERY_ANY }].
[15:07:40] 🟡 STALL: 04-10 15:03:29.459   825  2714 I ActivityManager: Process com.android.vending:instant_app_installer (pid 19029) has died: cch+45 CEM 
04-10 15:05:07.976 14697 14697 I Finsky  : [2] [ContentSync] Installation state replication failed, parameters=Id: 12-1, CT: 1775813579198, Constraints: [{ L: 80000, D: 86400000, C: CHARGING_NONE, I: IDLE_NONE, N: NET_ANY, B: BATTERY_ANY }].
04-10 15:07:19.422 14697 14697 I Finsky  : [2] [ContentSync] Installation state replication failed, parameters=Id: 12-1, CT: 1775813707987, Constraints: [{ L: 100000, D: 86400000, C: CHARGING_NONE, I: IDLE_NONE, N: NET_ANY, B: BATTERY_ANY }].
[15:07:46] 🟡 STALL: 04-10 15:03:29.459   825  2714 I ActivityManager: Process com.android.vending:instant_app_installer (pid 19029) has died: cch+45 CEM 
04-10 15:05:07.976 14697 14697 I Finsky  : [2] [ContentSync] Installation state replication failed, parameters=Id: 12-1, CT: 1775813579198, Constraints: [{ L: 80000, D: 86400000, C: CHARGING_NONE, I: IDLE_NONE, N: NET_ANY, B: BATTERY_ANY }].
04-10 15:07:19.422 14697 14697 I Finsky  : [2] [ContentSync] Installation state replication failed, parameters=Id: 12-1, CT: 1775813707987, Constraints: [{ L: 100000, D: 86400000, C: CHARGING_NONE, I: IDLE_NONE, N: NET_ANY, B: BATTERY_ANY }].
[15:07:52] 🟡 STALL: 04-10 15:03:29.459   825  2714 I ActivityManager: Process com.android.vending:instant_app_installer (pid 19029) has died: cch+45 CEM 
04-10 15:05:07.976 14697 14697 I Finsky  : [2] [ContentSync] Installation state replication failed, parameters=Id: 12-1, CT: 1775813579198, Constraints: [{ L: 80000, D: 86400000, C: CHARGING_NONE, I: IDLE_NONE, N: NET_ANY, B: BATTERY_ANY }].
04-10 15:07:19.422 14697 14697 I Finsky  : [2] [ContentSync] Installation state replication failed, parameters=Id: 12-1, CT: 1775813707987, Constraints: [{ L: 100000, D: 86400000, C: CHARGING_NONE, I: IDLE_NONE, N: NET_ANY, B: BATTERY_ANY }].
[15:07:58] 🟡 STALL: 04-10 15:03:29.459   825  2714 I ActivityManager: Process com.android.vending:instant_app_installer (pid 19029) has died: cch+45 CEM 
04-10 15:05:07.976 14697 14697 I Finsky  : [2] [ContentSync] Installation state replication failed, parameters=Id: 12-1, CT: 1775813579198, Constraints: [{ L: 80000, D: 86400000, C: CHARGING_NONE, I: IDLE_NONE, N: NET_ANY, B: BATTERY_ANY }].
04-10 15:07:19.422 14697 14697 I Finsky  : [2] [ContentSync] Installation state replication failed, parameters=Id: 12-1, CT: 1775813707987, Constraints: [{ L: 100000, D: 86400000, C: CHARGING_NONE, I: IDLE_NONE, N: NET_ANY, B: BATTERY_ANY }].
[15:08:04] 🟡 STALL: 04-10 15:03:29.459   825  2714 I ActivityManager: Process com.android.vending:instant_app_installer (pid 19029) has died: cch+45 CEM 
04-10 15:05:07.976 14697 14697 I Finsky  : [2] [ContentSync] Installation state replication failed, parameters=Id: 12-1, CT: 1775813579198, Constraints: [{ L: 80000, D: 86400000, C: CHARGING_NONE, I: IDLE_NONE, N: NET_ANY, B: BATTERY_ANY }].
04-10 15:07:19.422 14697 14697 I Finsky  : [2] [ContentSync] Installation state replication failed, parameters=Id: 12-1, CT: 1775813707987, Constraints: [{ L: 100000, D: 86400000, C: CHARGING_NONE, I: IDLE_NONE, N: NET_ANY, B: BATTERY_ANY }].
[15:08:10] 🟡 STALL: 04-10 15:03:29.459   825  2714 I ActivityManager: Process com.android.vending:instant_app_installer (pid 19029) has died: cch+45 CEM 
04-10 15:05:07.976 14697 14697 I Finsky  : [2] [ContentSync] Installation state replication failed, parameters=Id: 12-1, CT: 1775813579198, Constraints: [{ L: 80000, D: 86400000, C: CHARGING_NONE, I: IDLE_NONE, N: NET_ANY, B: BATTERY_ANY }].
04-10 15:07:19.422 14697 14697 I Finsky  : [2] [ContentSync] Installation state replication failed, parameters=Id: 12-1, CT: 1775813707987, Constraints: [{ L: 100000, D: 86400000, C: CHARGING_NONE, I: IDLE_NONE, N: NET_ANY, B: BATTERY_ANY }].
[15:08:16] 🟡 STALL: 04-10 15:03:29.459   825  2714 I ActivityManager: Process com.android.vending:instant_app_installer (pid 19029) has died: cch+45 CEM 
04-10 15:05:07.976 14697 14697 I Finsky  : [2] [ContentSync] Installation state replication failed, parameters=Id: 12-1, CT: 1775813579198, Constraints: [{ L: 80000, D: 86400000, C: CHARGING_NONE, I: IDLE_NONE, N: NET_ANY, B: BATTERY_ANY }].
04-10 15:07:19.422 14697 14697 I Finsky  : [2] [ContentSync] Installation state replication failed, parameters=Id: 12-1, CT: 1775813707987, Constraints: [{ L: 100000, D: 86400000, C: CHARGING_NONE, I: IDLE_NONE, N: NET_ANY, B: BATTERY_ANY }].
[15:08:22] 🟡 STALL: 04-10 15:03:29.459   825  2714 I ActivityManager: Process com.android.vending:instant_app_installer (pid 19029) has died: cch+45 CEM 
04-10 15:05:07.976 14697 14697 I Finsky  : [2] [ContentSync] Installation state replication failed, parameters=Id: 12-1, CT: 1775813579198, Constraints: [{ L: 80000, D: 86400000, C: CHARGING_NONE, I: IDLE_NONE, N: NET_ANY, B: BATTERY_ANY }].
04-10 15:07:19.422 14697 14697 I Finsky  : [2] [ContentSync] Installation state replication failed, parameters=Id: 12-1, CT: 1775813707987, Constraints: [{ L: 100000, D: 86400000, C: CHARGING_NONE, I: IDLE_NONE, N: NET_ANY, B: BATTERY_ANY }].
[15:08:29] 🟡 STALL: 04-10 15:03:29.459   825  2714 I ActivityManager: Process com.android.vending:instant_app_installer (pid 19029) has died: cch+45 CEM 
04-10 15:05:07.976 14697 14697 I Finsky  : [2] [ContentSync] Installation state replication failed, parameters=Id: 12-1, CT: 1775813579198, Constraints: [{ L: 80000, D: 86400000, C: CHARGING_NONE, I: IDLE_NONE, N: NET_ANY, B: BATTERY_ANY }].
04-10 15:07:19.422 14697 14697 I Finsky  : [2] [ContentSync] Installation state replication failed, parameters=Id: 12-1, CT: 1775813707987, Constraints: [{ L: 100000, D: 86400000, C: CHARGING_NONE, I: IDLE_NONE, N: NET_ANY, B: BATTERY_ANY }].
[15:08:35] 🟡 STALL: 04-10 15:03:29.459   825  2714 I ActivityManager: Process com.android.vending:instant_app_installer (pid 19029) has died: cch+45 CEM 
04-10 15:05:07.976 14697 14697 I Finsky  : [2] [ContentSync] Installation state replication failed, parameters=Id: 12-1, CT: 1775813579198, Constraints: [{ L: 80000, D: 86400000, C: CHARGING_NONE, I: IDLE_NONE, N: NET_ANY, B: BATTERY_ANY }].
04-10 15:07:19.422 14697 14697 I Finsky  : [2] [ContentSync] Installation state replication failed, parameters=Id: 12-1, CT: 1775813707987, Constraints: [{ L: 100000, D: 86400000, C: CHARGING_NONE, I: IDLE_NONE, N: NET_ANY, B: BATTERY_ANY }].
[15:08:41] 🟡 STALL: 04-10 15:03:29.459   825  2714 I ActivityManager: Process com.android.vending:instant_app_installer (pid 19029) has died: cch+45 CEM 
04-10 15:05:07.976 14697 14697 I Finsky  : [2] [ContentSync] Installation state replication failed, parameters=Id: 12-1, CT: 1775813579198, Constraints: [{ L: 80000, D: 86400000, C: CHARGING_NONE, I: IDLE_NONE, N: NET_ANY, B: BATTERY_ANY }].
04-10 15:07:19.422 14697 14697 I Finsky  : [2] [ContentSync] Installation state replication failed, parameters=Id: 12-1, CT: 1775813707987, Constraints: [{ L: 100000, D: 86400000, C: CHARGING_NONE, I: IDLE_NONE, N: NET_ANY, B: BATTERY_ANY }].
[15:08:48] 🔴 CRASH: 04-10 15:08:42.518 20035 20069 E AndroidRuntime: FATAL EXCEPTION: mqt_native_modules
[15:08:48] 🟡 STALL: 04-10 15:03:29.459   825  2714 I ActivityManager: Process com.android.vending:instant_app_installer (pid 19029) has died: cch+45 CEM 
04-10 15:05:07.976 14697 14697 I Finsky  : [2] [ContentSync] Installation state replication failed, parameters=Id: 12-1, CT: 1775813579198, Constraints: [{ L: 80000, D: 86400000, C: CHARGING_NONE, I: IDLE_NONE, N: NET_ANY, B: BATTERY_ANY }].
04-10 15:07:19.422 14697 14697 I Finsky  : [2] [ContentSync] Installation state replication failed, parameters=Id: 12-1, CT: 1775813707987, Constraints: [{ L: 100000, D: 86400000, C: CHARGING_NONE, I: IDLE_NONE, N: NET_ANY, B: BATTERY_ANY }].
[15:08:54] 🔴 CRASH: 04-10 15:08:42.518 20035 20069 E AndroidRuntime: FATAL EXCEPTION: mqt_native_modules
[15:08:54] 🟡 STALL: 04-10 15:03:29.459   825  2714 I ActivityManager: Process com.android.vending:instant_app_installer (pid 19029) has died: cch+45 CEM 
04-10 15:05:07.976 14697 14697 I Finsky  : [2] [ContentSync] Installation state replication failed, parameters=Id: 12-1, CT: 1775813579198, Constraints: [{ L: 80000, D: 86400000, C: CHARGING_NONE, I: IDLE_NONE, N: NET_ANY, B: BATTERY_ANY }].
04-10 15:07:19.422 14697 14697 I Finsky  : [2] [ContentSync] Installation state replication failed, parameters=Id: 12-1, CT: 1775813707987, Constraints: [{ L: 100000, D: 86400000, C: CHARGING_NONE, I: IDLE_NONE, N: NET_ANY, B: BATTERY_ANY }].
[15:09:00] 🔴 CRASH: 04-10 15:08:42.518 20035 20069 E AndroidRuntime: FATAL EXCEPTION: mqt_native_modules
[15:09:00] 🟡 STALL: 04-10 15:05:07.976 14697 14697 I Finsky  : [2] [ContentSync] Installation state replication failed, parameters=Id: 12-1, CT: 1775813579198, Constraints: [{ L: 80000, D: 86400000, C: CHARGING_NONE, I: IDLE_NONE, N: NET_ANY, B: BATTERY_ANY }].
04-10 15:07:19.422 14697 14697 I Finsky  : [2] [ContentSync] Installation state replication failed, parameters=Id: 12-1, CT: 1775813707987, Constraints: [{ L: 100000, D: 86400000, C: CHARGING_NONE, I: IDLE_NONE, N: NET_ANY, B: BATTERY_ANY }].
04-10 15:08:57.581 21811 21838 W System.err: RNInstallReferrerClient exception. getInstallReferrer will be unavailable: E1.a.newBuilder [class android.content.Context]
[15:09:06] 🔴 CRASH: 04-10 15:08:42.518 20035 20069 E AndroidRuntime: FATAL EXCEPTION: mqt_native_modules
[15:09:06] 🟡 STALL: 04-10 15:07:19.422 14697 14697 I Finsky  : [2] [ContentSync] Installation state replication failed, parameters=Id: 12-1, CT: 1775813707987, Constraints: [{ L: 100000, D: 86400000, C: CHARGING_NONE, I: IDLE_NONE, N: NET_ANY, B: BATTERY_ANY }].
04-10 15:08:57.581 21811 21838 W System.err: RNInstallReferrerClient exception. getInstallReferrer will be unavailable: E1.a.newBuilder [class android.content.Context]
04-10 15:09:03.514 21811 21909 D ProfileInstaller: Skipping profile installation for in.southstream.android
[15:09:12] 🔴 CRASH: 04-10 15:08:42.518 20035 20069 E AndroidRuntime: FATAL EXCEPTION: mqt_native_modules
[15:09:12] 🟡 STALL: 04-10 15:07:19.422 14697 14697 I Finsky  : [2] [ContentSync] Installation state replication failed, parameters=Id: 12-1, CT: 1775813707987, Constraints: [{ L: 100000, D: 86400000, C: CHARGING_NONE, I: IDLE_NONE, N: NET_ANY, B: BATTERY_ANY }].
04-10 15:08:57.581 21811 21838 W System.err: RNInstallReferrerClient exception. getInstallReferrer will be unavailable: E1.a.newBuilder [class android.content.Context]
04-10 15:09:03.514 21811 21909 D ProfileInstaller: Skipping profile installation for in.southstream.android
[15:09:18] 🔴 CRASH: 04-10 15:08:42.518 20035 20069 E AndroidRuntime: FATAL EXCEPTION: mqt_native_modules
[15:09:18] 🟡 STALL: 04-10 15:07:19.422 14697 14697 I Finsky  : [2] [ContentSync] Installation state replication failed, parameters=Id: 12-1, CT: 1775813707987, Constraints: [{ L: 100000, D: 86400000, C: CHARGING_NONE, I: IDLE_NONE, N: NET_ANY, B: BATTERY_ANY }].
04-10 15:08:57.581 21811 21838 W System.err: RNInstallReferrerClient exception. getInstallReferrer will be unavailable: E1.a.newBuilder [class android.content.Context]
04-10 15:09:03.514 21811 21909 D ProfileInstaller: Skipping profile installation for in.southstream.android
[15:09:18] 🟠 HIGH JANK: 100.0%
[15:09:26] 🔴 CRASH: 04-10 15:08:42.518 20035 20069 E AndroidRuntime: FATAL EXCEPTION: mqt_native_modules
[15:09:26] 🟡 STALL: 04-10 15:07:19.422 14697 14697 I Finsky  : [2] [ContentSync] Installation state replication failed, parameters=Id: 12-1, CT: 1775813707987, Constraints: [{ L: 100000, D: 86400000, C: CHARGING_NONE, I: IDLE_NONE, N: NET_ANY, B: BATTERY_ANY }].
04-10 15:08:57.581 21811 21838 W System.err: RNInstallReferrerClient exception. getInstallReferrer will be unavailable: E1.a.newBuilder [class android.content.Context]
04-10 15:09:03.514 21811 21909 D ProfileInstaller: Skipping profile installation for in.southstream.android
[15:09:32] 🔴 CRASH: 04-10 15:08:42.518 20035 20069 E AndroidRuntime: FATAL EXCEPTION: mqt_native_modules
[15:09:32] 🟡 STALL: 04-10 15:07:19.422 14697 14697 I Finsky  : [2] [ContentSync] Installation state replication failed, parameters=Id: 12-1, CT: 1775813707987, Constraints: [{ L: 100000, D: 86400000, C: CHARGING_NONE, I: IDLE_NONE, N: NET_ANY, B: BATTERY_ANY }].
04-10 15:08:57.581 21811 21838 W System.err: RNInstallReferrerClient exception. getInstallReferrer will be unavailable: E1.a.newBuilder [class android.content.Context]
04-10 15:09:03.514 21811 21909 D ProfileInstaller: Skipping profile installation for in.southstream.android
[15:09:38] 🔴 CRASH: 04-10 15:08:42.518 20035 20069 E AndroidRuntime: FATAL EXCEPTION: mqt_native_modules
[15:09:38] 🟡 STALL: 04-10 15:07:19.422 14697 14697 I Finsky  : [2] [ContentSync] Installation state replication failed, parameters=Id: 12-1, CT: 1775813707987, Constraints: [{ L: 100000, D: 86400000, C: CHARGING_NONE, I: IDLE_NONE, N: NET_ANY, B: BATTERY_ANY }].
04-10 15:08:57.581 21811 21838 W System.err: RNInstallReferrerClient exception. getInstallReferrer will be unavailable: E1.a.newBuilder [class android.content.Context]
04-10 15:09:03.514 21811 21909 D ProfileInstaller: Skipping profile installation for in.southstream.android
[15:09:44] 🔴 CRASH: 04-10 15:08:42.518 20035 20069 E AndroidRuntime: FATAL EXCEPTION: mqt_native_modules
[15:09:44] 🟡 STALL: 04-10 15:07:19.422 14697 14697 I Finsky  : [2] [ContentSync] Installation state replication failed, parameters=Id: 12-1, CT: 1775813707987, Constraints: [{ L: 100000, D: 86400000, C: CHARGING_NONE, I: IDLE_NONE, N: NET_ANY, B: BATTERY_ANY }].
04-10 15:08:57.581 21811 21838 W System.err: RNInstallReferrerClient exception. getInstallReferrer will be unavailable: E1.a.newBuilder [class android.content.Context]
04-10 15:09:03.514 21811 21909 D ProfileInstaller: Skipping profile installation for in.southstream.android
[15:09:50] 🔴 CRASH: 04-10 15:08:42.518 20035 20069 E AndroidRuntime: FATAL EXCEPTION: mqt_native_modules
[15:09:50] 🟡 STALL: 04-10 15:07:19.422 14697 14697 I Finsky  : [2] [ContentSync] Installation state replication failed, parameters=Id: 12-1, CT: 1775813707987, Constraints: [{ L: 100000, D: 86400000, C: CHARGING_NONE, I: IDLE_NONE, N: NET_ANY, B: BATTERY_ANY }].
04-10 15:08:57.581 21811 21838 W System.err: RNInstallReferrerClient exception. getInstallReferrer will be unavailable: E1.a.newBuilder [class android.content.Context]
04-10 15:09:03.514 21811 21909 D ProfileInstaller: Skipping profile installation for in.southstream.android
[15:09:56] 🔴 CRASH: 04-10 15:08:42.518 20035 20069 E AndroidRuntime: FATAL EXCEPTION: mqt_native_modules
[15:09:56] 🟡 STALL: 04-10 15:07:19.422 14697 14697 I Finsky  : [2] [ContentSync] Installation state replication failed, parameters=Id: 12-1, CT: 1775813707987, Constraints: [{ L: 100000, D: 86400000, C: CHARGING_NONE, I: IDLE_NONE, N: NET_ANY, B: BATTERY_ANY }].
04-10 15:08:57.581 21811 21838 W System.err: RNInstallReferrerClient exception. getInstallReferrer will be unavailable: E1.a.newBuilder [class android.content.Context]
04-10 15:09:03.514 21811 21909 D ProfileInstaller: Skipping profile installation for in.southstream.android
[15:10:03] 🔴 CRASH: 04-10 15:08:42.518 20035 20069 E AndroidRuntime: FATAL EXCEPTION: mqt_native_modules
[15:10:03] 🟡 STALL: 04-10 15:07:19.422 14697 14697 I Finsky  : [2] [ContentSync] Installation state replication failed, parameters=Id: 12-1, CT: 1775813707987, Constraints: [{ L: 100000, D: 86400000, C: CHARGING_NONE, I: IDLE_NONE, N: NET_ANY, B: BATTERY_ANY }].
04-10 15:08:57.581 21811 21838 W System.err: RNInstallReferrerClient exception. getInstallReferrer will be unavailable: E1.a.newBuilder [class android.content.Context]
04-10 15:09:03.514 21811 21909 D ProfileInstaller: Skipping profile installation for in.southstream.android
[15:10:09] 🔴 CRASH: 04-10 15:08:42.518 20035 20069 E AndroidRuntime: FATAL EXCEPTION: mqt_native_modules
[15:10:09] 🟡 STALL: 04-10 15:07:19.422 14697 14697 I Finsky  : [2] [ContentSync] Installation state replication failed, parameters=Id: 12-1, CT: 1775813707987, Constraints: [{ L: 100000, D: 86400000, C: CHARGING_NONE, I: IDLE_NONE, N: NET_ANY, B: BATTERY_ANY }].
04-10 15:08:57.581 21811 21838 W System.err: RNInstallReferrerClient exception. getInstallReferrer will be unavailable: E1.a.newBuilder [class android.content.Context]
04-10 15:09:03.514 21811 21909 D ProfileInstaller: Skipping profile installation for in.southstream.android
[15:10:16] 🔴 CRASH: 04-10 15:08:42.518 20035 20069 E AndroidRuntime: FATAL EXCEPTION: mqt_native_modules
[15:10:16] 🟡 STALL: 04-10 15:07:19.422 14697 14697 I Finsky  : [2] [ContentSync] Installation state replication failed, parameters=Id: 12-1, CT: 1775813707987, Constraints: [{ L: 100000, D: 86400000, C: CHARGING_NONE, I: IDLE_NONE, N: NET_ANY, B: BATTERY_ANY }].
04-10 15:08:57.581 21811 21838 W System.err: RNInstallReferrerClient exception. getInstallReferrer will be unavailable: E1.a.newBuilder [class android.content.Context]
04-10 15:09:03.514 21811 21909 D ProfileInstaller: Skipping profile installation for in.southstream.android
[15:10:22] 🔴 CRASH: 04-10 15:08:42.518 20035 20069 E AndroidRuntime: FATAL EXCEPTION: mqt_native_modules
[15:10:22] 🟡 STALL: 04-10 15:07:19.422 14697 14697 I Finsky  : [2] [ContentSync] Installation state replication failed, parameters=Id: 12-1, CT: 1775813707987, Constraints: [{ L: 100000, D: 86400000, C: CHARGING_NONE, I: IDLE_NONE, N: NET_ANY, B: BATTERY_ANY }].
04-10 15:08:57.581 21811 21838 W System.err: RNInstallReferrerClient exception. getInstallReferrer will be unavailable: E1.a.newBuilder [class android.content.Context]
04-10 15:09:03.514 21811 21909 D ProfileInstaller: Skipping profile installation for in.southstream.android
[15:10:29] 🔴 CRASH: 04-10 15:08:42.518 20035 20069 E AndroidRuntime: FATAL EXCEPTION: mqt_native_modules
[15:10:29] 🟡 STALL: 04-10 15:07:19.422 14697 14697 I Finsky  : [2] [ContentSync] Installation state replication failed, parameters=Id: 12-1, CT: 1775813707987, Constraints: [{ L: 100000, D: 86400000, C: CHARGING_NONE, I: IDLE_NONE, N: NET_ANY, B: BATTERY_ANY }].
04-10 15:08:57.581 21811 21838 W System.err: RNInstallReferrerClient exception. getInstallReferrer will be unavailable: E1.a.newBuilder [class android.content.Context]
04-10 15:09:03.514 21811 21909 D ProfileInstaller: Skipping profile installation for in.southstream.android
[15:10:35] 🔴 CRASH: 04-10 15:08:42.518 20035 20069 E AndroidRuntime: FATAL EXCEPTION: mqt_native_modules
[15:10:35] 🟡 STALL: 04-10 15:07:19.422 14697 14697 I Finsky  : [2] [ContentSync] Installation state replication failed, parameters=Id: 12-1, CT: 1775813707987, Constraints: [{ L: 100000, D: 86400000, C: CHARGING_NONE, I: IDLE_NONE, N: NET_ANY, B: BATTERY_ANY }].
04-10 15:08:57.581 21811 21838 W System.err: RNInstallReferrerClient exception. getInstallReferrer will be unavailable: E1.a.newBuilder [class android.content.Context]
04-10 15:09:03.514 21811 21909 D ProfileInstaller: Skipping profile installation for in.southstream.android
[15:10:42] 🔴 CRASH: 04-10 15:08:42.518 20035 20069 E AndroidRuntime: FATAL EXCEPTION: mqt_native_modules
[15:10:42] 🟡 STALL: 04-10 15:07:19.422 14697 14697 I Finsky  : [2] [ContentSync] Installation state replication failed, parameters=Id: 12-1, CT: 1775813707987, Constraints: [{ L: 100000, D: 86400000, C: CHARGING_NONE, I: IDLE_NONE, N: NET_ANY, B: BATTERY_ANY }].
04-10 15:08:57.581 21811 21838 W System.err: RNInstallReferrerClient exception. getInstallReferrer will be unavailable: E1.a.newBuilder [class android.content.Context]
04-10 15:09:03.514 21811 21909 D ProfileInstaller: Skipping profile installation for in.southstream.android
[15:10:49] 🔴 CRASH: 04-10 15:08:42.518 20035 20069 E AndroidRuntime: FATAL EXCEPTION: mqt_native_modules
[15:10:49] 🟡 STALL: 04-10 15:07:19.422 14697 14697 I Finsky  : [2] [ContentSync] Installation state replication failed, parameters=Id: 12-1, CT: 1775813707987, Constraints: [{ L: 100000, D: 86400000, C: CHARGING_NONE, I: IDLE_NONE, N: NET_ANY, B: BATTERY_ANY }].
04-10 15:08:57.581 21811 21838 W System.err: RNInstallReferrerClient exception. getInstallReferrer will be unavailable: E1.a.newBuilder [class android.content.Context]
04-10 15:09:03.514 21811 21909 D ProfileInstaller: Skipping profile installation for in.southstream.android
[15:10:55] 🔴 CRASH: 04-10 15:08:42.518 20035 20069 E AndroidRuntime: FATAL EXCEPTION: mqt_native_modules
[15:10:55] 🟡 STALL: 04-10 15:07:19.422 14697 14697 I Finsky  : [2] [ContentSync] Installation state replication failed, parameters=Id: 12-1, CT: 1775813707987, Constraints: [{ L: 100000, D: 86400000, C: CHARGING_NONE, I: IDLE_NONE, N: NET_ANY, B: BATTERY_ANY }].
04-10 15:08:57.581 21811 21838 W System.err: RNInstallReferrerClient exception. getInstallReferrer will be unavailable: E1.a.newBuilder [class android.content.Context]
04-10 15:09:03.514 21811 21909 D ProfileInstaller: Skipping profile installation for in.southstream.android
[15:11:01] 🔴 CRASH: 04-10 15:08:42.518 20035 20069 E AndroidRuntime: FATAL EXCEPTION: mqt_native_modules
[15:11:01] 🟡 STALL: 04-10 15:07:19.422 14697 14697 I Finsky  : [2] [ContentSync] Installation state replication failed, parameters=Id: 12-1, CT: 1775813707987, Constraints: [{ L: 100000, D: 86400000, C: CHARGING_NONE, I: IDLE_NONE, N: NET_ANY, B: BATTERY_ANY }].
04-10 15:08:57.581 21811 21838 W System.err: RNInstallReferrerClient exception. getInstallReferrer will be unavailable: E1.a.newBuilder [class android.content.Context]
04-10 15:09:03.514 21811 21909 D ProfileInstaller: Skipping profile installation for in.southstream.android
[15:11:08] 🔴 CRASH: 04-10 15:08:42.518 20035 20069 E AndroidRuntime: FATAL EXCEPTION: mqt_native_modules
[15:11:08] 🟡 STALL: 04-10 15:07:19.422 14697 14697 I Finsky  : [2] [ContentSync] Installation state replication failed, parameters=Id: 12-1, CT: 1775813707987, Constraints: [{ L: 100000, D: 86400000, C: CHARGING_NONE, I: IDLE_NONE, N: NET_ANY, B: BATTERY_ANY }].
04-10 15:08:57.581 21811 21838 W System.err: RNInstallReferrerClient exception. getInstallReferrer will be unavailable: E1.a.newBuilder [class android.content.Context]
04-10 15:09:03.514 21811 21909 D ProfileInstaller: Skipping profile installation for in.southstream.android
[15:11:14] 🔴 CRASH: 04-10 15:08:42.518 20035 20069 E AndroidRuntime: FATAL EXCEPTION: mqt_native_modules
[15:11:14] 🟡 STALL: 04-10 15:07:19.422 14697 14697 I Finsky  : [2] [ContentSync] Installation state replication failed, parameters=Id: 12-1, CT: 1775813707987, Constraints: [{ L: 100000, D: 86400000, C: CHARGING_NONE, I: IDLE_NONE, N: NET_ANY, B: BATTERY_ANY }].
04-10 15:08:57.581 21811 21838 W System.err: RNInstallReferrerClient exception. getInstallReferrer will be unavailable: E1.a.newBuilder [class android.content.Context]
04-10 15:09:03.514 21811 21909 D ProfileInstaller: Skipping profile installation for in.southstream.android
[15:11:22] 🔴 CRASH: 04-10 15:08:42.518 20035 20069 E AndroidRuntime: FATAL EXCEPTION: mqt_native_modules
[15:11:22] 🟡 STALL: 04-10 15:07:19.422 14697 14697 I Finsky  : [2] [ContentSync] Installation state replication failed, parameters=Id: 12-1, CT: 1775813707987, Constraints: [{ L: 100000, D: 86400000, C: CHARGING_NONE, I: IDLE_NONE, N: NET_ANY, B: BATTERY_ANY }].
04-10 15:08:57.581 21811 21838 W System.err: RNInstallReferrerClient exception. getInstallReferrer will be unavailable: E1.a.newBuilder [class android.content.Context]
04-10 15:09:03.514 21811 21909 D ProfileInstaller: Skipping profile installation for in.southstream.android
[15:11:30] 🔴 CRASH: 04-10 15:08:42.518 20035 20069 E AndroidRuntime: FATAL EXCEPTION: mqt_native_modules
[15:11:30] 🟡 STALL: 04-10 15:07:19.422 14697 14697 I Finsky  : [2] [ContentSync] Installation state replication failed, parameters=Id: 12-1, CT: 1775813707987, Constraints: [{ L: 100000, D: 86400000, C: CHARGING_NONE, I: IDLE_NONE, N: NET_ANY, B: BATTERY_ANY }].
04-10 15:08:57.581 21811 21838 W System.err: RNInstallReferrerClient exception. getInstallReferrer will be unavailable: E1.a.newBuilder [class android.content.Context]
04-10 15:09:03.514 21811 21909 D ProfileInstaller: Skipping profile installation for in.southstream.android
[15:11:36] 🔴 CRASH: 04-10 15:08:42.518 20035 20069 E AndroidRuntime: FATAL EXCEPTION: mqt_native_modules
[15:11:36] 🟡 STALL: 04-10 15:07:19.422 14697 14697 I Finsky  : [2] [ContentSync] Installation state replication failed, parameters=Id: 12-1, CT: 1775813707987, Constraints: [{ L: 100000, D: 86400000, C: CHARGING_NONE, I: IDLE_NONE, N: NET_ANY, B: BATTERY_ANY }].
04-10 15:08:57.581 21811 21838 W System.err: RNInstallReferrerClient exception. getInstallReferrer will be unavailable: E1.a.newBuilder [class android.content.Context]
04-10 15:09:03.514 21811 21909 D ProfileInstaller: Skipping profile installation for in.southstream.android
[15:11:43] 🔴 CRASH: 04-10 15:08:42.518 20035 20069 E AndroidRuntime: FATAL EXCEPTION: mqt_native_modules
[15:11:43] 🟡 STALL: 04-10 15:07:19.422 14697 14697 I Finsky  : [2] [ContentSync] Installation state replication failed, parameters=Id: 12-1, CT: 1775813707987, Constraints: [{ L: 100000, D: 86400000, C: CHARGING_NONE, I: IDLE_NONE, N: NET_ANY, B: BATTERY_ANY }].
04-10 15:08:57.581 21811 21838 W System.err: RNInstallReferrerClient exception. getInstallReferrer will be unavailable: E1.a.newBuilder [class android.content.Context]
04-10 15:09:03.514 21811 21909 D ProfileInstaller: Skipping profile installation for in.southstream.android
[15:11:49] 🔴 CRASH: 04-10 15:08:42.518 20035 20069 E AndroidRuntime: FATAL EXCEPTION: mqt_native_modules
[15:11:49] 🟡 STALL: 04-10 15:07:19.422 14697 14697 I Finsky  : [2] [ContentSync] Installation state replication failed, parameters=Id: 12-1, CT: 1775813707987, Constraints: [{ L: 100000, D: 86400000, C: CHARGING_NONE, I: IDLE_NONE, N: NET_ANY, B: BATTERY_ANY }].
04-10 15:08:57.581 21811 21838 W System.err: RNInstallReferrerClient exception. getInstallReferrer will be unavailable: E1.a.newBuilder [class android.content.Context]
04-10 15:09:03.514 21811 21909 D ProfileInstaller: Skipping profile installation for in.southstream.android
[15:11:56] 🔴 CRASH: 04-10 15:08:42.518 20035 20069 E AndroidRuntime: FATAL EXCEPTION: mqt_native_modules
[15:11:56] 🟡 STALL: 04-10 15:07:19.422 14697 14697 I Finsky  : [2] [ContentSync] Installation state replication failed, parameters=Id: 12-1, CT: 1775813707987, Constraints: [{ L: 100000, D: 86400000, C: CHARGING_NONE, I: IDLE_NONE, N: NET_ANY, B: BATTERY_ANY }].
04-10 15:08:57.581 21811 21838 W System.err: RNInstallReferrerClient exception. getInstallReferrer will be unavailable: E1.a.newBuilder [class android.content.Context]
04-10 15:09:03.514 21811 21909 D ProfileInstaller: Skipping profile installation for in.southstream.android
[15:12:03] 🔴 CRASH: 04-10 15:08:42.518 20035 20069 E AndroidRuntime: FATAL EXCEPTION: mqt_native_modules
[15:12:03] 🟡 STALL: 04-10 15:07:19.422 14697 14697 I Finsky  : [2] [ContentSync] Installation state replication failed, parameters=Id: 12-1, CT: 1775813707987, Constraints: [{ L: 100000, D: 86400000, C: CHARGING_NONE, I: IDLE_NONE, N: NET_ANY, B: BATTERY_ANY }].
04-10 15:08:57.581 21811 21838 W System.err: RNInstallReferrerClient exception. getInstallReferrer will be unavailable: E1.a.newBuilder [class android.content.Context]
04-10 15:09:03.514 21811 21909 D ProfileInstaller: Skipping profile installation for in.southstream.android
[15:12:10] 🔴 CRASH: 04-10 15:08:42.518 20035 20069 E AndroidRuntime: FATAL EXCEPTION: mqt_native_modules
04-10 15:12:07.537 21811 21847 E AndroidRuntime: FATAL EXCEPTION: mqt_native_modules
[15:12:10] 🟡 STALL: 04-10 15:07:19.422 14697 14697 I Finsky  : [2] [ContentSync] Installation state replication failed, parameters=Id: 12-1, CT: 1775813707987, Constraints: [{ L: 100000, D: 86400000, C: CHARGING_NONE, I: IDLE_NONE, N: NET_ANY, B: BATTERY_ANY }].
04-10 15:08:57.581 21811 21838 W System.err: RNInstallReferrerClient exception. getInstallReferrer will be unavailable: E1.a.newBuilder [class android.content.Context]
04-10 15:09:03.514 21811 21909 D ProfileInstaller: Skipping profile installation for in.southstream.android
[15:12:17] 🔴 CRASH: 04-10 15:08:42.518 20035 20069 E AndroidRuntime: FATAL EXCEPTION: mqt_native_modules
04-10 15:12:07.537 21811 21847 E AndroidRuntime: FATAL EXCEPTION: mqt_native_modules
[15:12:17] 🟡 STALL: 04-10 15:07:19.422 14697 14697 I Finsky  : [2] [ContentSync] Installation state replication failed, parameters=Id: 12-1, CT: 1775813707987, Constraints: [{ L: 100000, D: 86400000, C: CHARGING_NONE, I: IDLE_NONE, N: NET_ANY, B: BATTERY_ANY }].
04-10 15:08:57.581 21811 21838 W System.err: RNInstallReferrerClient exception. getInstallReferrer will be unavailable: E1.a.newBuilder [class android.content.Context]
04-10 15:09:03.514 21811 21909 D ProfileInstaller: Skipping profile installation for in.southstream.android
[15:12:24] 🔴 CRASH: 04-10 15:08:42.518 20035 20069 E AndroidRuntime: FATAL EXCEPTION: mqt_native_modules
04-10 15:12:07.537 21811 21847 E AndroidRuntime: FATAL EXCEPTION: mqt_native_modules
[15:12:24] 🟡 STALL: 04-10 15:07:19.422 14697 14697 I Finsky  : [2] [ContentSync] Installation state replication failed, parameters=Id: 12-1, CT: 1775813707987, Constraints: [{ L: 100000, D: 86400000, C: CHARGING_NONE, I: IDLE_NONE, N: NET_ANY, B: BATTERY_ANY }].
04-10 15:08:57.581 21811 21838 W System.err: RNInstallReferrerClient exception. getInstallReferrer will be unavailable: E1.a.newBuilder [class android.content.Context]
04-10 15:09:03.514 21811 21909 D ProfileInstaller: Skipping profile installation for in.southstream.android
[15:12:31] 🔴 CRASH: 04-10 15:08:42.518 20035 20069 E AndroidRuntime: FATAL EXCEPTION: mqt_native_modules
04-10 15:12:07.537 21811 21847 E AndroidRuntime: FATAL EXCEPTION: mqt_native_modules
[15:12:31] 🟡 STALL: 04-10 15:07:19.422 14697 14697 I Finsky  : [2] [ContentSync] Installation state replication failed, parameters=Id: 12-1, CT: 1775813707987, Constraints: [{ L: 100000, D: 86400000, C: CHARGING_NONE, I: IDLE_NONE, N: NET_ANY, B: BATTERY_ANY }].
04-10 15:08:57.581 21811 21838 W System.err: RNInstallReferrerClient exception. getInstallReferrer will be unavailable: E1.a.newBuilder [class android.content.Context]
04-10 15:09:03.514 21811 21909 D ProfileInstaller: Skipping profile installation for in.southstream.android
[15:12:38] 🔴 CRASH: 04-10 15:08:42.518 20035 20069 E AndroidRuntime: FATAL EXCEPTION: mqt_native_modules
04-10 15:12:07.537 21811 21847 E AndroidRuntime: FATAL EXCEPTION: mqt_native_modules
[15:12:38] 🟡 STALL: 04-10 15:07:19.422 14697 14697 I Finsky  : [2] [ContentSync] Installation state replication failed, parameters=Id: 12-1, CT: 1775813707987, Constraints: [{ L: 100000, D: 86400000, C: CHARGING_NONE, I: IDLE_NONE, N: NET_ANY, B: BATTERY_ANY }].
04-10 15:08:57.581 21811 21838 W System.err: RNInstallReferrerClient exception. getInstallReferrer will be unavailable: E1.a.newBuilder [class android.content.Context]
04-10 15:09:03.514 21811 21909 D ProfileInstaller: Skipping profile installation for in.southstream.android
[15:12:44] 🔴 CRASH: 04-10 15:08:42.518 20035 20069 E AndroidRuntime: FATAL EXCEPTION: mqt_native_modules
04-10 15:12:07.537 21811 21847 E AndroidRuntime: FATAL EXCEPTION: mqt_native_modules
[15:12:44] 🟡 STALL: 04-10 15:07:19.422 14697 14697 I Finsky  : [2] [ContentSync] Installation state replication failed, parameters=Id: 12-1, CT: 1775813707987, Constraints: [{ L: 100000, D: 86400000, C: CHARGING_NONE, I: IDLE_NONE, N: NET_ANY, B: BATTERY_ANY }].
04-10 15:08:57.581 21811 21838 W System.err: RNInstallReferrerClient exception. getInstallReferrer will be unavailable: E1.a.newBuilder [class android.content.Context]
04-10 15:09:03.514 21811 21909 D ProfileInstaller: Skipping profile installation for in.southstream.android
[15:12:51] 🔴 CRASH: 04-10 15:08:42.518 20035 20069 E AndroidRuntime: FATAL EXCEPTION: mqt_native_modules
04-10 15:12:07.537 21811 21847 E AndroidRuntime: FATAL EXCEPTION: mqt_native_modules
[15:12:51] 🟡 STALL: 04-10 15:08:57.581 21811 21838 W System.err: RNInstallReferrerClient exception. getInstallReferrer will be unavailable: E1.a.newBuilder [class android.content.Context]
04-10 15:09:03.514 21811 21909 D ProfileInstaller: Skipping profile installation for in.southstream.android
04-10 15:12:46.968 22561 22587 W System.err: RNInstallReferrerClient exception. getInstallReferrer will be unavailable: E1.a.newBuilder [class android.content.Context]
[15:12:58] 🔴 CRASH: 04-10 15:08:42.518 20035 20069 E AndroidRuntime: FATAL EXCEPTION: mqt_native_modules
04-10 15:12:07.537 21811 21847 E AndroidRuntime: FATAL EXCEPTION: mqt_native_modules
[15:12:58] 🟡 STALL: 04-10 15:09:03.514 21811 21909 D ProfileInstaller: Skipping profile installation for in.southstream.android
04-10 15:12:46.968 22561 22587 W System.err: RNInstallReferrerClient exception. getInstallReferrer will be unavailable: E1.a.newBuilder [class android.content.Context]
04-10 15:12:52.644 22561 22653 D ProfileInstaller: Skipping profile installation for in.southstream.android
[15:13:05] 🔴 CRASH: 04-10 15:08:42.518 20035 20069 E AndroidRuntime: FATAL EXCEPTION: mqt_native_modules
04-10 15:12:07.537 21811 21847 E AndroidRuntime: FATAL EXCEPTION: mqt_native_modules
[15:13:05] 🟡 STALL: 04-10 15:09:03.514 21811 21909 D ProfileInstaller: Skipping profile installation for in.southstream.android
04-10 15:12:46.968 22561 22587 W System.err: RNInstallReferrerClient exception. getInstallReferrer will be unavailable: E1.a.newBuilder [class android.content.Context]
04-10 15:12:52.644 22561 22653 D ProfileInstaller: Skipping profile installation for in.southstream.android
[15:13:12] 🔴 CRASH: 04-10 15:08:42.518 20035 20069 E AndroidRuntime: FATAL EXCEPTION: mqt_native_modules
04-10 15:12:07.537 21811 21847 E AndroidRuntime: FATAL EXCEPTION: mqt_native_modules
[15:13:12] 🟡 STALL: 04-10 15:09:03.514 21811 21909 D ProfileInstaller: Skipping profile installation for in.southstream.android
04-10 15:12:46.968 22561 22587 W System.err: RNInstallReferrerClient exception. getInstallReferrer will be unavailable: E1.a.newBuilder [class android.content.Context]
04-10 15:12:52.644 22561 22653 D ProfileInstaller: Skipping profile installation for in.southstream.android
[15:13:19] 🔴 CRASH: 04-10 15:08:42.518 20035 20069 E AndroidRuntime: FATAL EXCEPTION: mqt_native_modules
04-10 15:12:07.537 21811 21847 E AndroidRuntime: FATAL EXCEPTION: mqt_native_modules
[15:13:19] 🟡 STALL: 04-10 15:09:03.514 21811 21909 D ProfileInstaller: Skipping profile installation for in.southstream.android
04-10 15:12:46.968 22561 22587 W System.err: RNInstallReferrerClient exception. getInstallReferrer will be unavailable: E1.a.newBuilder [class android.content.Context]
04-10 15:12:52.644 22561 22653 D ProfileInstaller: Skipping profile installation for in.southstream.android
[15:13:28] 🔴 CRASH: 04-10 15:08:42.518 20035 20069 E AndroidRuntime: FATAL EXCEPTION: mqt_native_modules
04-10 15:12:07.537 21811 21847 E AndroidRuntime: FATAL EXCEPTION: mqt_native_modules
[15:13:28] 🟡 STALL: 04-10 15:09:03.514 21811 21909 D ProfileInstaller: Skipping profile installation for in.southstream.android
04-10 15:12:46.968 22561 22587 W System.err: RNInstallReferrerClient exception. getInstallReferrer will be unavailable: E1.a.newBuilder [class android.content.Context]
04-10 15:12:52.644 22561 22653 D ProfileInstaller: Skipping profile installation for in.southstream.android
[15:13:35] 🔴 CRASH: 04-10 15:08:42.518 20035 20069 E AndroidRuntime: FATAL EXCEPTION: mqt_native_modules
04-10 15:12:07.537 21811 21847 E AndroidRuntime: FATAL EXCEPTION: mqt_native_modules
[15:13:35] 🟡 STALL: 04-10 15:09:03.514 21811 21909 D ProfileInstaller: Skipping profile installation for in.southstream.android
04-10 15:12:46.968 22561 22587 W System.err: RNInstallReferrerClient exception. getInstallReferrer will be unavailable: E1.a.newBuilder [class android.content.Context]
04-10 15:12:52.644 22561 22653 D ProfileInstaller: Skipping profile installation for in.southstream.android
[15:13:42] 🔴 CRASH: 04-10 15:08:42.518 20035 20069 E AndroidRuntime: FATAL EXCEPTION: mqt_native_modules
04-10 15:12:07.537 21811 21847 E AndroidRuntime: FATAL EXCEPTION: mqt_native_modules
[15:13:42] 🟡 STALL: 04-10 15:09:03.514 21811 21909 D ProfileInstaller: Skipping profile installation for in.southstream.android
04-10 15:12:46.968 22561 22587 W System.err: RNInstallReferrerClient exception. getInstallReferrer will be unavailable: E1.a.newBuilder [class android.content.Context]
04-10 15:12:52.644 22561 22653 D ProfileInstaller: Skipping profile installation for in.southstream.android
[15:13:49] 🔴 CRASH: 04-10 15:08:42.518 20035 20069 E AndroidRuntime: FATAL EXCEPTION: mqt_native_modules
04-10 15:12:07.537 21811 21847 E AndroidRuntime: FATAL EXCEPTION: mqt_native_modules
[15:13:49] 🟡 STALL: 04-10 15:09:03.514 21811 21909 D ProfileInstaller: Skipping profile installation for in.southstream.android
04-10 15:12:46.968 22561 22587 W System.err: RNInstallReferrerClient exception. getInstallReferrer will be unavailable: E1.a.newBuilder [class android.content.Context]
04-10 15:12:52.644 22561 22653 D ProfileInstaller: Skipping profile installation for in.southstream.android
[15:13:56] 🔴 CRASH: 04-10 15:08:42.518 20035 20069 E AndroidRuntime: FATAL EXCEPTION: mqt_native_modules
04-10 15:12:07.537 21811 21847 E AndroidRuntime: FATAL EXCEPTION: mqt_native_modules
[15:13:56] 🟡 STALL: 04-10 15:09:03.514 21811 21909 D ProfileInstaller: Skipping profile installation for in.southstream.android
04-10 15:12:46.968 22561 22587 W System.err: RNInstallReferrerClient exception. getInstallReferrer will be unavailable: E1.a.newBuilder [class android.content.Context]
04-10 15:12:52.644 22561 22653 D ProfileInstaller: Skipping profile installation for in.southstream.android
[15:14:02] 🔴 CRASH: 04-10 15:08:42.518 20035 20069 E AndroidRuntime: FATAL EXCEPTION: mqt_native_modules
04-10 15:12:07.537 21811 21847 E AndroidRuntime: FATAL EXCEPTION: mqt_native_modules
[15:14:02] 🟡 STALL: 04-10 15:09:03.514 21811 21909 D ProfileInstaller: Skipping profile installation for in.southstream.android
04-10 15:12:46.968 22561 22587 W System.err: RNInstallReferrerClient exception. getInstallReferrer will be unavailable: E1.a.newBuilder [class android.content.Context]
04-10 15:12:52.644 22561 22653 D ProfileInstaller: Skipping profile installation for in.southstream.android
[15:14:10] 🔴 CRASH: 04-10 15:08:42.518 20035 20069 E AndroidRuntime: FATAL EXCEPTION: mqt_native_modules
04-10 15:12:07.537 21811 21847 E AndroidRuntime: FATAL EXCEPTION: mqt_native_modules
[15:14:10] 🟡 STALL: 04-10 15:09:03.514 21811 21909 D ProfileInstaller: Skipping profile installation for in.southstream.android
04-10 15:12:46.968 22561 22587 W System.err: RNInstallReferrerClient exception. getInstallReferrer will be unavailable: E1.a.newBuilder [class android.content.Context]
04-10 15:12:52.644 22561 22653 D ProfileInstaller: Skipping profile installation for in.southstream.android
[15:14:17] 🔴 CRASH: 04-10 15:08:42.518 20035 20069 E AndroidRuntime: FATAL EXCEPTION: mqt_native_modules
04-10 15:12:07.537 21811 21847 E AndroidRuntime: FATAL EXCEPTION: mqt_native_modules
[15:14:17] 🟡 STALL: 04-10 15:09:03.514 21811 21909 D ProfileInstaller: Skipping profile installation for in.southstream.android
04-10 15:12:46.968 22561 22587 W System.err: RNInstallReferrerClient exception. getInstallReferrer will be unavailable: E1.a.newBuilder [class android.content.Context]
04-10 15:12:52.644 22561 22653 D ProfileInstaller: Skipping profile installation for in.southstream.android
[15:14:24] 🔴 CRASH: 04-10 15:08:42.518 20035 20069 E AndroidRuntime: FATAL EXCEPTION: mqt_native_modules
04-10 15:12:07.537 21811 21847 E AndroidRuntime: FATAL EXCEPTION: mqt_native_modules
[15:14:24] 🟡 STALL: 04-10 15:09:03.514 21811 21909 D ProfileInstaller: Skipping profile installation for in.southstream.android
04-10 15:12:46.968 22561 22587 W System.err: RNInstallReferrerClient exception. getInstallReferrer will be unavailable: E1.a.newBuilder [class android.content.Context]
04-10 15:12:52.644 22561 22653 D ProfileInstaller: Skipping profile installation for in.southstream.android
[15:14:30] 🔴 CRASH: 04-10 15:08:42.518 20035 20069 E AndroidRuntime: FATAL EXCEPTION: mqt_native_modules
04-10 15:12:07.537 21811 21847 E AndroidRuntime: FATAL EXCEPTION: mqt_native_modules
[15:14:30] 🟡 STALL: 04-10 15:09:03.514 21811 21909 D ProfileInstaller: Skipping profile installation for in.southstream.android
04-10 15:12:46.968 22561 22587 W System.err: RNInstallReferrerClient exception. getInstallReferrer will be unavailable: E1.a.newBuilder [class android.content.Context]
04-10 15:12:52.644 22561 22653 D ProfileInstaller: Skipping profile installation for in.southstream.android
[15:14:37] 🔴 CRASH: 04-10 15:08:42.518 20035 20069 E AndroidRuntime: FATAL EXCEPTION: mqt_native_modules
04-10 15:12:07.537 21811 21847 E AndroidRuntime: FATAL EXCEPTION: mqt_native_modules
[15:14:37] 🟡 STALL: 04-10 15:09:03.514 21811 21909 D ProfileInstaller: Skipping profile installation for in.southstream.android
04-10 15:12:46.968 22561 22587 W System.err: RNInstallReferrerClient exception. getInstallReferrer will be unavailable: E1.a.newBuilder [class android.content.Context]
04-10 15:12:52.644 22561 22653 D ProfileInstaller: Skipping profile installation for in.southstream.android
[15:14:44] 🔴 CRASH: 04-10 15:08:42.518 20035 20069 E AndroidRuntime: FATAL EXCEPTION: mqt_native_modules
04-10 15:12:07.537 21811 21847 E AndroidRuntime: FATAL EXCEPTION: mqt_native_modules
[15:14:44] 🟡 STALL: 04-10 15:09:03.514 21811 21909 D ProfileInstaller: Skipping profile installation for in.southstream.android
04-10 15:12:46.968 22561 22587 W System.err: RNInstallReferrerClient exception. getInstallReferrer will be unavailable: E1.a.newBuilder [class android.content.Context]
04-10 15:12:52.644 22561 22653 D ProfileInstaller: Skipping profile installation for in.southstream.android
[15:14:52] 🔴 CRASH: 04-10 15:08:42.518 20035 20069 E AndroidRuntime: FATAL EXCEPTION: mqt_native_modules
04-10 15:12:07.537 21811 21847 E AndroidRuntime: FATAL EXCEPTION: mqt_native_modules
[15:14:52] 🟡 STALL: 04-10 15:09:03.514 21811 21909 D ProfileInstaller: Skipping profile installation for in.southstream.android
04-10 15:12:46.968 22561 22587 W System.err: RNInstallReferrerClient exception. getInstallReferrer will be unavailable: E1.a.newBuilder [class android.content.Context]
04-10 15:12:52.644 22561 22653 D ProfileInstaller: Skipping profile installation for in.southstream.android
[15:14:59] 🔴 CRASH: 04-10 15:08:42.518 20035 20069 E AndroidRuntime: FATAL EXCEPTION: mqt_native_modules
04-10 15:12:07.537 21811 21847 E AndroidRuntime: FATAL EXCEPTION: mqt_native_modules
[15:14:59] 🟡 STALL: 04-10 15:09:03.514 21811 21909 D ProfileInstaller: Skipping profile installation for in.southstream.android
04-10 15:12:46.968 22561 22587 W System.err: RNInstallReferrerClient exception. getInstallReferrer will be unavailable: E1.a.newBuilder [class android.content.Context]
04-10 15:12:52.644 22561 22653 D ProfileInstaller: Skipping profile installation for in.southstream.android
[15:15:06] 🔴 CRASH: 04-10 15:08:42.518 20035 20069 E AndroidRuntime: FATAL EXCEPTION: mqt_native_modules
04-10 15:12:07.537 21811 21847 E AndroidRuntime: FATAL EXCEPTION: mqt_native_modules
[15:15:06] 🟡 STALL: 04-10 15:09:03.514 21811 21909 D ProfileInstaller: Skipping profile installation for in.southstream.android
04-10 15:12:46.968 22561 22587 W System.err: RNInstallReferrerClient exception. getInstallReferrer will be unavailable: E1.a.newBuilder [class android.content.Context]
04-10 15:12:52.644 22561 22653 D ProfileInstaller: Skipping profile installation for in.southstream.android
[15:15:13] 🔴 CRASH: 04-10 15:08:42.518 20035 20069 E AndroidRuntime: FATAL EXCEPTION: mqt_native_modules
04-10 15:12:07.537 21811 21847 E AndroidRuntime: FATAL EXCEPTION: mqt_native_modules
[15:15:13] 🟡 STALL: 04-10 15:09:03.514 21811 21909 D ProfileInstaller: Skipping profile installation for in.southstream.android
04-10 15:12:46.968 22561 22587 W System.err: RNInstallReferrerClient exception. getInstallReferrer will be unavailable: E1.a.newBuilder [class android.content.Context]
04-10 15:12:52.644 22561 22653 D ProfileInstaller: Skipping profile installation for in.southstream.android
[15:15:20] 🔴 CRASH: 04-10 15:08:42.518 20035 20069 E AndroidRuntime: FATAL EXCEPTION: mqt_native_modules
04-10 15:12:07.537 21811 21847 E AndroidRuntime: FATAL EXCEPTION: mqt_native_modules
[15:15:20] 🟡 STALL: 04-10 15:09:03.514 21811 21909 D ProfileInstaller: Skipping profile installation for in.southstream.android
04-10 15:12:46.968 22561 22587 W System.err: RNInstallReferrerClient exception. getInstallReferrer will be unavailable: E1.a.newBuilder [class android.content.Context]
04-10 15:12:52.644 22561 22653 D ProfileInstaller: Skipping profile installation for in.southstream.android
[15:15:28] 🔴 CRASH: 04-10 15:08:42.518 20035 20069 E AndroidRuntime: FATAL EXCEPTION: mqt_native_modules
04-10 15:12:07.537 21811 21847 E AndroidRuntime: FATAL EXCEPTION: mqt_native_modules
[15:15:28] 🟡 STALL: 04-10 15:09:03.514 21811 21909 D ProfileInstaller: Skipping profile installation for in.southstream.android
04-10 15:12:46.968 22561 22587 W System.err: RNInstallReferrerClient exception. getInstallReferrer will be unavailable: E1.a.newBuilder [class android.content.Context]
04-10 15:12:52.644 22561 22653 D ProfileInstaller: Skipping profile installation for in.southstream.android
[15:15:36] 🔴 CRASH: 04-10 15:08:42.518 20035 20069 E AndroidRuntime: FATAL EXCEPTION: mqt_native_modules
04-10 15:12:07.537 21811 21847 E AndroidRuntime: FATAL EXCEPTION: mqt_native_modules
[15:15:36] 🟡 STALL: 04-10 15:09:03.514 21811 21909 D ProfileInstaller: Skipping profile installation for in.southstream.android
04-10 15:12:46.968 22561 22587 W System.err: RNInstallReferrerClient exception. getInstallReferrer will be unavailable: E1.a.newBuilder [class android.content.Context]
04-10 15:12:52.644 22561 22653 D ProfileInstaller: Skipping profile installation for in.southstream.android
[15:15:43] 🔴 CRASH: 04-10 15:08:42.518 20035 20069 E AndroidRuntime: FATAL EXCEPTION: mqt_native_modules
04-10 15:12:07.537 21811 21847 E AndroidRuntime: FATAL EXCEPTION: mqt_native_modules
[15:15:43] 🟡 STALL: 04-10 15:09:03.514 21811 21909 D ProfileInstaller: Skipping profile installation for in.southstream.android
04-10 15:12:46.968 22561 22587 W System.err: RNInstallReferrerClient exception. getInstallReferrer will be unavailable: E1.a.newBuilder [class android.content.Context]
04-10 15:12:52.644 22561 22653 D ProfileInstaller: Skipping profile installation for in.southstream.android
[15:15:50] 🔴 CRASH: 04-10 15:08:42.518 20035 20069 E AndroidRuntime: FATAL EXCEPTION: mqt_native_modules
04-10 15:12:07.537 21811 21847 E AndroidRuntime: FATAL EXCEPTION: mqt_native_modules
[15:15:50] 🟡 STALL: 04-10 15:09:03.514 21811 21909 D ProfileInstaller: Skipping profile installation for in.southstream.android
04-10 15:12:46.968 22561 22587 W System.err: RNInstallReferrerClient exception. getInstallReferrer will be unavailable: E1.a.newBuilder [class android.content.Context]
04-10 15:12:52.644 22561 22653 D ProfileInstaller: Skipping profile installation for in.southstream.android
[15:15:57] 🔴 CRASH: 04-10 15:08:42.518 20035 20069 E AndroidRuntime: FATAL EXCEPTION: mqt_native_modules
04-10 15:12:07.537 21811 21847 E AndroidRuntime: FATAL EXCEPTION: mqt_native_modules
[15:15:57] 🟡 STALL: 04-10 15:09:03.514 21811 21909 D ProfileInstaller: Skipping profile installation for in.southstream.android
04-10 15:12:46.968 22561 22587 W System.err: RNInstallReferrerClient exception. getInstallReferrer will be unavailable: E1.a.newBuilder [class android.content.Context]
04-10 15:12:52.644 22561 22653 D ProfileInstaller: Skipping profile installation for in.southstream.android
[15:16:04] 🔴 CRASH: 04-10 15:08:42.518 20035 20069 E AndroidRuntime: FATAL EXCEPTION: mqt_native_modules
04-10 15:12:07.537 21811 21847 E AndroidRuntime: FATAL EXCEPTION: mqt_native_modules
[15:16:04] 🟡 STALL: 04-10 15:09:03.514 21811 21909 D ProfileInstaller: Skipping profile installation for in.southstream.android
04-10 15:12:46.968 22561 22587 W System.err: RNInstallReferrerClient exception. getInstallReferrer will be unavailable: E1.a.newBuilder [class android.content.Context]
04-10 15:12:52.644 22561 22653 D ProfileInstaller: Skipping profile installation for in.southstream.android
[15:16:11] 🔴 CRASH: 04-10 15:08:42.518 20035 20069 E AndroidRuntime: FATAL EXCEPTION: mqt_native_modules
04-10 15:12:07.537 21811 21847 E AndroidRuntime: FATAL EXCEPTION: mqt_native_modules
[15:16:11] 🟡 STALL: 04-10 15:09:03.514 21811 21909 D ProfileInstaller: Skipping profile installation for in.southstream.android
04-10 15:12:46.968 22561 22587 W System.err: RNInstallReferrerClient exception. getInstallReferrer will be unavailable: E1.a.newBuilder [class android.content.Context]
04-10 15:12:52.644 22561 22653 D ProfileInstaller: Skipping profile installation for in.southstream.android
[15:16:19] 🔴 CRASH: 04-10 15:08:42.518 20035 20069 E AndroidRuntime: FATAL EXCEPTION: mqt_native_modules
04-10 15:12:07.537 21811 21847 E AndroidRuntime: FATAL EXCEPTION: mqt_native_modules
[15:16:19] 🟡 STALL: 04-10 15:09:03.514 21811 21909 D ProfileInstaller: Skipping profile installation for in.southstream.android
04-10 15:12:46.968 22561 22587 W System.err: RNInstallReferrerClient exception. getInstallReferrer will be unavailable: E1.a.newBuilder [class android.content.Context]
04-10 15:12:52.644 22561 22653 D ProfileInstaller: Skipping profile installation for in.southstream.android
[15:16:26] 🔴 CRASH: 04-10 15:08:42.518 20035 20069 E AndroidRuntime: FATAL EXCEPTION: mqt_native_modules
04-10 15:12:07.537 21811 21847 E AndroidRuntime: FATAL EXCEPTION: mqt_native_modules
[15:16:26] 🟡 STALL: 04-10 15:09:03.514 21811 21909 D ProfileInstaller: Skipping profile installation for in.southstream.android
04-10 15:12:46.968 22561 22587 W System.err: RNInstallReferrerClient exception. getInstallReferrer will be unavailable: E1.a.newBuilder [class android.content.Context]
04-10 15:12:52.644 22561 22653 D ProfileInstaller: Skipping profile installation for in.southstream.android
[15:16:33] 🔴 CRASH: 04-10 15:08:42.518 20035 20069 E AndroidRuntime: FATAL EXCEPTION: mqt_native_modules
04-10 15:12:07.537 21811 21847 E AndroidRuntime: FATAL EXCEPTION: mqt_native_modules
[15:16:33] 🟡 STALL: 04-10 15:09:03.514 21811 21909 D ProfileInstaller: Skipping profile installation for in.southstream.android
04-10 15:12:46.968 22561 22587 W System.err: RNInstallReferrerClient exception. getInstallReferrer will be unavailable: E1.a.newBuilder [class android.content.Context]
04-10 15:12:52.644 22561 22653 D ProfileInstaller: Skipping profile installation for in.southstream.android
[15:16:40] 🔴 CRASH: 04-10 15:08:42.518 20035 20069 E AndroidRuntime: FATAL EXCEPTION: mqt_native_modules
04-10 15:12:07.537 21811 21847 E AndroidRuntime: FATAL EXCEPTION: mqt_native_modules
[15:16:40] 🟡 STALL: 04-10 15:09:03.514 21811 21909 D ProfileInstaller: Skipping profile installation for in.southstream.android
04-10 15:12:46.968 22561 22587 W System.err: RNInstallReferrerClient exception. getInstallReferrer will be unavailable: E1.a.newBuilder [class android.content.Context]
04-10 15:12:52.644 22561 22653 D ProfileInstaller: Skipping profile installation for in.southstream.android
[15:16:47] 🔴 CRASH: 04-10 15:08:42.518 20035 20069 E AndroidRuntime: FATAL EXCEPTION: mqt_native_modules
04-10 15:12:07.537 21811 21847 E AndroidRuntime: FATAL EXCEPTION: mqt_native_modules
[15:16:47] 🟡 STALL: 04-10 15:09:03.514 21811 21909 D ProfileInstaller: Skipping profile installation for in.southstream.android
04-10 15:12:46.968 22561 22587 W System.err: RNInstallReferrerClient exception. getInstallReferrer will be unavailable: E1.a.newBuilder [class android.content.Context]
04-10 15:12:52.644 22561 22653 D ProfileInstaller: Skipping profile installation for in.southstream.android
[15:16:54] 🔴 CRASH: 04-10 15:08:42.518 20035 20069 E AndroidRuntime: FATAL EXCEPTION: mqt_native_modules
04-10 15:12:07.537 21811 21847 E AndroidRuntime: FATAL EXCEPTION: mqt_native_modules
[15:16:54] 🟡 STALL: 04-10 15:09:03.514 21811 21909 D ProfileInstaller: Skipping profile installation for in.southstream.android
04-10 15:12:46.968 22561 22587 W System.err: RNInstallReferrerClient exception. getInstallReferrer will be unavailable: E1.a.newBuilder [class android.content.Context]
04-10 15:12:52.644 22561 22653 D ProfileInstaller: Skipping profile installation for in.southstream.android
[15:17:02] 🔴 CRASH: 04-10 15:08:42.518 20035 20069 E AndroidRuntime: FATAL EXCEPTION: mqt_native_modules
04-10 15:12:07.537 21811 21847 E AndroidRuntime: FATAL EXCEPTION: mqt_native_modules
[15:17:02] 🟡 STALL: 04-10 15:09:03.514 21811 21909 D ProfileInstaller: Skipping profile installation for in.southstream.android
04-10 15:12:46.968 22561 22587 W System.err: RNInstallReferrerClient exception. getInstallReferrer will be unavailable: E1.a.newBuilder [class android.content.Context]
04-10 15:12:52.644 22561 22653 D ProfileInstaller: Skipping profile installation for in.southstream.android
[15:17:09] 🔴 CRASH: 04-10 15:08:42.518 20035 20069 E AndroidRuntime: FATAL EXCEPTION: mqt_native_modules
04-10 15:12:07.537 21811 21847 E AndroidRuntime: FATAL EXCEPTION: mqt_native_modules
[15:17:09] 🟡 STALL: 04-10 15:09:03.514 21811 21909 D ProfileInstaller: Skipping profile installation for in.southstream.android
04-10 15:12:46.968 22561 22587 W System.err: RNInstallReferrerClient exception. getInstallReferrer will be unavailable: E1.a.newBuilder [class android.content.Context]
04-10 15:12:52.644 22561 22653 D ProfileInstaller: Skipping profile installation for in.southstream.android
[15:17:16] 🔴 CRASH: 04-10 15:08:42.518 20035 20069 E AndroidRuntime: FATAL EXCEPTION: mqt_native_modules
04-10 15:12:07.537 21811 21847 E AndroidRuntime: FATAL EXCEPTION: mqt_native_modules
[15:17:16] 🟡 STALL: 04-10 15:09:03.514 21811 21909 D ProfileInstaller: Skipping profile installation for in.southstream.android
04-10 15:12:46.968 22561 22587 W System.err: RNInstallReferrerClient exception. getInstallReferrer will be unavailable: E1.a.newBuilder [class android.content.Context]
04-10 15:12:52.644 22561 22653 D ProfileInstaller: Skipping profile installation for in.southstream.android
[15:17:23] 🔴 CRASH: 04-10 15:08:42.518 20035 20069 E AndroidRuntime: FATAL EXCEPTION: mqt_native_modules
04-10 15:12:07.537 21811 21847 E AndroidRuntime: FATAL EXCEPTION: mqt_native_modules
[15:17:23] 🟡 STALL: 04-10 15:09:03.514 21811 21909 D ProfileInstaller: Skipping profile installation for in.southstream.android
04-10 15:12:46.968 22561 22587 W System.err: RNInstallReferrerClient exception. getInstallReferrer will be unavailable: E1.a.newBuilder [class android.content.Context]
04-10 15:12:52.644 22561 22653 D ProfileInstaller: Skipping profile installation for in.southstream.android
[15:17:30] 🔴 CRASH: 04-10 15:08:42.518 20035 20069 E AndroidRuntime: FATAL EXCEPTION: mqt_native_modules
04-10 15:12:07.537 21811 21847 E AndroidRuntime: FATAL EXCEPTION: mqt_native_modules
[15:17:30] 🟡 STALL: 04-10 15:09:03.514 21811 21909 D ProfileInstaller: Skipping profile installation for in.southstream.android
04-10 15:12:46.968 22561 22587 W System.err: RNInstallReferrerClient exception. getInstallReferrer will be unavailable: E1.a.newBuilder [class android.content.Context]
04-10 15:12:52.644 22561 22653 D ProfileInstaller: Skipping profile installation for in.southstream.android
[15:17:37] 🔴 CRASH: 04-10 15:08:42.518 20035 20069 E AndroidRuntime: FATAL EXCEPTION: mqt_native_modules
04-10 15:12:07.537 21811 21847 E AndroidRuntime: FATAL EXCEPTION: mqt_native_modules
[15:17:37] 🟡 STALL: 04-10 15:09:03.514 21811 21909 D ProfileInstaller: Skipping profile installation for in.southstream.android
04-10 15:12:46.968 22561 22587 W System.err: RNInstallReferrerClient exception. getInstallReferrer will be unavailable: E1.a.newBuilder [class android.content.Context]
04-10 15:12:52.644 22561 22653 D ProfileInstaller: Skipping profile installation for in.southstream.android
[15:17:45] 🔴 CRASH: 04-10 15:08:42.518 20035 20069 E AndroidRuntime: FATAL EXCEPTION: mqt_native_modules
04-10 15:12:07.537 21811 21847 E AndroidRuntime: FATAL EXCEPTION: mqt_native_modules
[15:17:45] 🟡 STALL: 04-10 15:09:03.514 21811 21909 D ProfileInstaller: Skipping profile installation for in.southstream.android
04-10 15:12:46.968 22561 22587 W System.err: RNInstallReferrerClient exception. getInstallReferrer will be unavailable: E1.a.newBuilder [class android.content.Context]
04-10 15:12:52.644 22561 22653 D ProfileInstaller: Skipping profile installation for in.southstream.android
[15:17:52] 🔴 CRASH: 04-10 15:08:42.518 20035 20069 E AndroidRuntime: FATAL EXCEPTION: mqt_native_modules
04-10 15:12:07.537 21811 21847 E AndroidRuntime: FATAL EXCEPTION: mqt_native_modules
[15:17:52] 🟡 STALL: 04-10 15:09:03.514 21811 21909 D ProfileInstaller: Skipping profile installation for in.southstream.android
04-10 15:12:46.968 22561 22587 W System.err: RNInstallReferrerClient exception. getInstallReferrer will be unavailable: E1.a.newBuilder [class android.content.Context]
04-10 15:12:52.644 22561 22653 D ProfileInstaller: Skipping profile installation for in.southstream.android
[15:17:58] 🔴 CRASH: 04-10 15:08:42.518 20035 20069 E AndroidRuntime: FATAL EXCEPTION: mqt_native_modules
04-10 15:12:07.537 21811 21847 E AndroidRuntime: FATAL EXCEPTION: mqt_native_modules
[15:17:58] 🟡 STALL: 04-10 15:09:03.514 21811 21909 D ProfileInstaller: Skipping profile installation for in.southstream.android
04-10 15:12:46.968 22561 22587 W System.err: RNInstallReferrerClient exception. getInstallReferrer will be unavailable: E1.a.newBuilder [class android.content.Context]
04-10 15:12:52.644 22561 22653 D ProfileInstaller: Skipping profile installation for in.southstream.android
[15:18:06] 🔴 CRASH: 04-10 15:08:42.518 20035 20069 E AndroidRuntime: FATAL EXCEPTION: mqt_native_modules
04-10 15:12:07.537 21811 21847 E AndroidRuntime: FATAL EXCEPTION: mqt_native_modules
[15:18:06] 🟡 STALL: 04-10 15:09:03.514 21811 21909 D ProfileInstaller: Skipping profile installation for in.southstream.android
04-10 15:12:46.968 22561 22587 W System.err: RNInstallReferrerClient exception. getInstallReferrer will be unavailable: E1.a.newBuilder [class android.content.Context]
04-10 15:12:52.644 22561 22653 D ProfileInstaller: Skipping profile installation for in.southstream.android
[15:18:13] 🔴 CRASH: 04-10 15:08:42.518 20035 20069 E AndroidRuntime: FATAL EXCEPTION: mqt_native_modules
04-10 15:12:07.537 21811 21847 E AndroidRuntime: FATAL EXCEPTION: mqt_native_modules
[15:18:13] 🟡 STALL: 04-10 15:09:03.514 21811 21909 D ProfileInstaller: Skipping profile installation for in.southstream.android
04-10 15:12:46.968 22561 22587 W System.err: RNInstallReferrerClient exception. getInstallReferrer will be unavailable: E1.a.newBuilder [class android.content.Context]
04-10 15:12:52.644 22561 22653 D ProfileInstaller: Skipping profile installation for in.southstream.android
[15:18:21] 🔴 CRASH: 04-10 15:08:42.518 20035 20069 E AndroidRuntime: FATAL EXCEPTION: mqt_native_modules
04-10 15:12:07.537 21811 21847 E AndroidRuntime: FATAL EXCEPTION: mqt_native_modules
[15:18:21] 🟡 STALL: 04-10 15:09:03.514 21811 21909 D ProfileInstaller: Skipping profile installation for in.southstream.android
04-10 15:12:46.968 22561 22587 W System.err: RNInstallReferrerClient exception. getInstallReferrer will be unavailable: E1.a.newBuilder [class android.content.Context]
04-10 15:12:52.644 22561 22653 D ProfileInstaller: Skipping profile installation for in.southstream.android
[15:18:33] 🔴 CRASH: 04-10 15:08:42.518 20035 20069 E AndroidRuntime: FATAL EXCEPTION: mqt_native_modules
04-10 15:12:07.537 21811 21847 E AndroidRuntime: FATAL EXCEPTION: mqt_native_modules
[15:18:33] 🟡 STALL: 04-10 15:09:03.514 21811 21909 D ProfileInstaller: Skipping profile installation for in.southstream.android
04-10 15:12:46.968 22561 22587 W System.err: RNInstallReferrerClient exception. getInstallReferrer will be unavailable: E1.a.newBuilder [class android.content.Context]
04-10 15:12:52.644 22561 22653 D ProfileInstaller: Skipping profile installation for in.southstream.android
[15:18:41] 🔴 CRASH: 04-10 15:08:42.518 20035 20069 E AndroidRuntime: FATAL EXCEPTION: mqt_native_modules
04-10 15:12:07.537 21811 21847 E AndroidRuntime: FATAL EXCEPTION: mqt_native_modules
[15:18:41] 🟡 STALL: 04-10 15:09:03.514 21811 21909 D ProfileInstaller: Skipping profile installation for in.southstream.android
04-10 15:12:46.968 22561 22587 W System.err: RNInstallReferrerClient exception. getInstallReferrer will be unavailable: E1.a.newBuilder [class android.content.Context]
04-10 15:12:52.644 22561 22653 D ProfileInstaller: Skipping profile installation for in.southstream.android
[15:18:48] 🔴 CRASH: 04-10 15:08:42.518 20035 20069 E AndroidRuntime: FATAL EXCEPTION: mqt_native_modules
04-10 15:12:07.537 21811 21847 E AndroidRuntime: FATAL EXCEPTION: mqt_native_modules
[15:18:48] 🟡 STALL: 04-10 15:09:03.514 21811 21909 D ProfileInstaller: Skipping profile installation for in.southstream.android
04-10 15:12:46.968 22561 22587 W System.err: RNInstallReferrerClient exception. getInstallReferrer will be unavailable: E1.a.newBuilder [class android.content.Context]
04-10 15:12:52.644 22561 22653 D ProfileInstaller: Skipping profile installation for in.southstream.android
[15:18:56] 🔴 CRASH: 04-10 15:08:42.518 20035 20069 E AndroidRuntime: FATAL EXCEPTION: mqt_native_modules
04-10 15:12:07.537 21811 21847 E AndroidRuntime: FATAL EXCEPTION: mqt_native_modules
[15:18:56] 🟡 STALL: 04-10 15:09:03.514 21811 21909 D ProfileInstaller: Skipping profile installation for in.southstream.android
04-10 15:12:46.968 22561 22587 W System.err: RNInstallReferrerClient exception. getInstallReferrer will be unavailable: E1.a.newBuilder [class android.content.Context]
04-10 15:12:52.644 22561 22653 D ProfileInstaller: Skipping profile installation for in.southstream.android
[15:19:05] 🔴 CRASH: 04-10 15:08:42.518 20035 20069 E AndroidRuntime: FATAL EXCEPTION: mqt_native_modules
04-10 15:12:07.537 21811 21847 E AndroidRuntime: FATAL EXCEPTION: mqt_native_modules
[15:19:05] 🟡 STALL: 04-10 15:09:03.514 21811 21909 D ProfileInstaller: Skipping profile installation for in.southstream.android
04-10 15:12:46.968 22561 22587 W System.err: RNInstallReferrerClient exception. getInstallReferrer will be unavailable: E1.a.newBuilder [class android.content.Context]
04-10 15:12:52.644 22561 22653 D ProfileInstaller: Skipping profile installation for in.southstream.android
[15:19:13] 🔴 CRASH: 04-10 15:08:42.518 20035 20069 E AndroidRuntime: FATAL EXCEPTION: mqt_native_modules
04-10 15:12:07.537 21811 21847 E AndroidRuntime: FATAL EXCEPTION: mqt_native_modules
[15:19:13] 🟡 STALL: 04-10 15:09:03.514 21811 21909 D ProfileInstaller: Skipping profile installation for in.southstream.android
04-10 15:12:46.968 22561 22587 W System.err: RNInstallReferrerClient exception. getInstallReferrer will be unavailable: E1.a.newBuilder [class android.content.Context]
04-10 15:12:52.644 22561 22653 D ProfileInstaller: Skipping profile installation for in.southstream.android
[15:19:21] 🔴 CRASH: 04-10 15:08:42.518 20035 20069 E AndroidRuntime: FATAL EXCEPTION: mqt_native_modules
04-10 15:12:07.537 21811 21847 E AndroidRuntime: FATAL EXCEPTION: mqt_native_modules
[15:19:21] 🟡 STALL: 04-10 15:09:03.514 21811 21909 D ProfileInstaller: Skipping profile installation for in.southstream.android
04-10 15:12:46.968 22561 22587 W System.err: RNInstallReferrerClient exception. getInstallReferrer will be unavailable: E1.a.newBuilder [class android.content.Context]
04-10 15:12:52.644 22561 22653 D ProfileInstaller: Skipping profile installation for in.southstream.android
[15:19:31] 🔴 CRASH: 04-10 15:08:42.518 20035 20069 E AndroidRuntime: FATAL EXCEPTION: mqt_native_modules
04-10 15:12:07.537 21811 21847 E AndroidRuntime: FATAL EXCEPTION: mqt_native_modules
[15:19:31] 🟡 STALL: 04-10 15:09:03.514 21811 21909 D ProfileInstaller: Skipping profile installation for in.southstream.android
04-10 15:12:46.968 22561 22587 W System.err: RNInstallReferrerClient exception. getInstallReferrer will be unavailable: E1.a.newBuilder [class android.content.Context]
04-10 15:12:52.644 22561 22653 D ProfileInstaller: Skipping profile installation for in.southstream.android
[15:19:41] 🔴 CRASH: 04-10 15:08:42.518 20035 20069 E AndroidRuntime: FATAL EXCEPTION: mqt_native_modules
04-10 15:12:07.537 21811 21847 E AndroidRuntime: FATAL EXCEPTION: mqt_native_modules
[15:19:41] 🟡 STALL: 04-10 15:09:03.514 21811 21909 D ProfileInstaller: Skipping profile installation for in.southstream.android
04-10 15:12:46.968 22561 22587 W System.err: RNInstallReferrerClient exception. getInstallReferrer will be unavailable: E1.a.newBuilder [class android.content.Context]
04-10 15:12:52.644 22561 22653 D ProfileInstaller: Skipping profile installation for in.southstream.android
[15:19:54] 🔴 CRASH: 04-10 15:08:42.518 20035 20069 E AndroidRuntime: FATAL EXCEPTION: mqt_native_modules
04-10 15:12:07.537 21811 21847 E AndroidRuntime: FATAL EXCEPTION: mqt_native_modules
[15:19:54] 🟡 STALL: 04-10 15:19:50.776   606   935 D installd: Found valid user 10
04-10 15:19:52.766   606   935 D installd: Found valid user 10
04-10 15:19:53.195 18986 18986 D PersistedStoragePackageUninstalledReceiver: Received android.intent.action.PACKAGE_DATA_CLEARED for in.southstream.android for u0
[15:20:02] 🔴 CRASH: 04-10 15:08:42.518 20035 20069 E AndroidRuntime: FATAL EXCEPTION: mqt_native_modules
04-10 15:12:07.537 21811 21847 E AndroidRuntime: FATAL EXCEPTION: mqt_native_modules
[15:20:02] 🟡 STALL: 04-10 15:19:53.195 18986 18986 D PersistedStoragePackageUninstalledReceiver: Received android.intent.action.PACKAGE_DATA_CLEARED for in.southstream.android for u0
04-10 15:19:55.474 23739 23768 W System.err: RNInstallReferrerClient exception. getInstallReferrer will be unavailable: E1.a.newBuilder [class android.content.Context]
04-10 15:20:01.483 23739 23840 D ProfileInstaller: Installing profile for in.southstream.android
[15:20:11] 🔴 CRASH: 04-10 15:08:42.518 20035 20069 E AndroidRuntime: FATAL EXCEPTION: mqt_native_modules
04-10 15:12:07.537 21811 21847 E AndroidRuntime: FATAL EXCEPTION: mqt_native_modules
[15:20:11] 🟡 STALL: 04-10 15:19:53.195 18986 18986 D PersistedStoragePackageUninstalledReceiver: Received android.intent.action.PACKAGE_DATA_CLEARED for in.southstream.android for u0
04-10 15:19:55.474 23739 23768 W System.err: RNInstallReferrerClient exception. getInstallReferrer will be unavailable: E1.a.newBuilder [class android.content.Context]
04-10 15:20:01.483 23739 23840 D ProfileInstaller: Installing profile for in.southstream.android
[15:20:19] 🔴 CRASH: 04-10 15:08:42.518 20035 20069 E AndroidRuntime: FATAL EXCEPTION: mqt_native_modules
04-10 15:12:07.537 21811 21847 E AndroidRuntime: FATAL EXCEPTION: mqt_native_modules
[15:20:19] 🟡 STALL: 04-10 15:19:53.195 18986 18986 D PersistedStoragePackageUninstalledReceiver: Received android.intent.action.PACKAGE_DATA_CLEARED for in.southstream.android for u0
04-10 15:19:55.474 23739 23768 W System.err: RNInstallReferrerClient exception. getInstallReferrer will be unavailable: E1.a.newBuilder [class android.content.Context]
04-10 15:20:01.483 23739 23840 D ProfileInstaller: Installing profile for in.southstream.android
[15:20:27] 🔴 CRASH: 04-10 15:08:42.518 20035 20069 E AndroidRuntime: FATAL EXCEPTION: mqt_native_modules
04-10 15:12:07.537 21811 21847 E AndroidRuntime: FATAL EXCEPTION: mqt_native_modules
[15:20:27] 🟡 STALL: 04-10 15:20:01.483 23739 23840 D ProfileInstaller: Installing profile for in.southstream.android
04-10 15:20:19.764  1605  2562 D NpsLogReporter: reportAppStartupTime:name:com.google.android.apps.tv.launcherx,time:422;name:com.google.android.packageinstaller,time:283;name:com.vt.tv.tvcenter,time:2338;name:com.google.android.apps.tv.dreamx,time:649;name:com.yablio.sendfilestotv,time:1573;name:com.android.tv.settings,time:187;name:in.southstream.android,time:879;name:com.android.vending,time:683;name:com.webnexs.rod_tv,time:802
04-10 15:20:19.771  1605  1933 I LogReportUtils: The Exception map sent out is:{tvmode=2, Os=Android, Zone=5, eventPos=010, eventtime=1775814619, eventType=001, commonInfo=istest:0, extratop=name:com.google.android.apps.tv.launcherx,time:422;name:com.google.android.packageinstaller,time:283;name:com.vt.tv.tvcenter,time:2338;name:com.google.android.apps.tv.dreamx,time:649;name:com.yablio.sendfilestotv,time:1573;name:com.android.tv.settings,time:187;name:in.southstream.android,time:879;name:com.android.vending,time:683;name:com.webnexs.rod_tv,time:802, resolution=4K, eventCode=001010, Brand=vuz, ChipPlatform=his9603, Capabilitycode=2023070501, tvversion=V0000.01.00T.P0805, Version=3.0, DeviceMsg=55DL61Q0000184, CountryCode=IND, logstamp=170}
[15:20:35] 🔴 CRASH: 04-10 15:08:42.518 20035 20069 E AndroidRuntime: FATAL EXCEPTION: mqt_native_modules
04-10 15:12:07.537 21811 21847 E AndroidRuntime: FATAL EXCEPTION: mqt_native_modules
[15:20:35] 🟡 STALL: 04-10 15:20:01.483 23739 23840 D ProfileInstaller: Installing profile for in.southstream.android
04-10 15:20:19.764  1605  2562 D NpsLogReporter: reportAppStartupTime:name:com.google.android.apps.tv.launcherx,time:422;name:com.google.android.packageinstaller,time:283;name:com.vt.tv.tvcenter,time:2338;name:com.google.android.apps.tv.dreamx,time:649;name:com.yablio.sendfilestotv,time:1573;name:com.android.tv.settings,time:187;name:in.southstream.android,time:879;name:com.android.vending,time:683;name:com.webnexs.rod_tv,time:802
04-10 15:20:19.771  1605  1933 I LogReportUtils: The Exception map sent out is:{tvmode=2, Os=Android, Zone=5, eventPos=010, eventtime=1775814619, eventType=001, commonInfo=istest:0, extratop=name:com.google.android.apps.tv.launcherx,time:422;name:com.google.android.packageinstaller,time:283;name:com.vt.tv.tvcenter,time:2338;name:com.google.android.apps.tv.dreamx,time:649;name:com.yablio.sendfilestotv,time:1573;name:com.android.tv.settings,time:187;name:in.southstream.android,time:879;name:com.android.vending,time:683;name:com.webnexs.rod_tv,time:802, resolution=4K, eventCode=001010, Brand=vuz, ChipPlatform=his9603, Capabilitycode=2023070501, tvversion=V0000.01.00T.P0805, Version=3.0, DeviceMsg=55DL61Q0000184, CountryCode=IND, logstamp=170}
[15:20:43] 🔴 CRASH: 04-10 15:08:42.518 20035 20069 E AndroidRuntime: FATAL EXCEPTION: mqt_native_modules
04-10 15:12:07.537 21811 21847 E AndroidRuntime: FATAL EXCEPTION: mqt_native_modules
[15:20:43] 🟡 STALL: 04-10 15:20:01.483 23739 23840 D ProfileInstaller: Installing profile for in.southstream.android
04-10 15:20:19.764  1605  2562 D NpsLogReporter: reportAppStartupTime:name:com.google.android.apps.tv.launcherx,time:422;name:com.google.android.packageinstaller,time:283;name:com.vt.tv.tvcenter,time:2338;name:com.google.android.apps.tv.dreamx,time:649;name:com.yablio.sendfilestotv,time:1573;name:com.android.tv.settings,time:187;name:in.southstream.android,time:879;name:com.android.vending,time:683;name:com.webnexs.rod_tv,time:802
04-10 15:20:19.771  1605  1933 I LogReportUtils: The Exception map sent out is:{tvmode=2, Os=Android, Zone=5, eventPos=010, eventtime=1775814619, eventType=001, commonInfo=istest:0, extratop=name:com.google.android.apps.tv.launcherx,time:422;name:com.google.android.packageinstaller,time:283;name:com.vt.tv.tvcenter,time:2338;name:com.google.android.apps.tv.dreamx,time:649;name:com.yablio.sendfilestotv,time:1573;name:com.android.tv.settings,time:187;name:in.southstream.android,time:879;name:com.android.vending,time:683;name:com.webnexs.rod_tv,time:802, resolution=4K, eventCode=001010, Brand=vuz, ChipPlatform=his9603, Capabilitycode=2023070501, tvversion=V0000.01.00T.P0805, Version=3.0, DeviceMsg=55DL61Q0000184, CountryCode=IND, logstamp=170}
[15:20:50] 🔴 CRASH: 04-10 15:08:42.518 20035 20069 E AndroidRuntime: FATAL EXCEPTION: mqt_native_modules
04-10 15:12:07.537 21811 21847 E AndroidRuntime: FATAL EXCEPTION: mqt_native_modules
[15:20:50] 🟡 STALL: 04-10 15:20:01.483 23739 23840 D ProfileInstaller: Installing profile for in.southstream.android
04-10 15:20:19.764  1605  2562 D NpsLogReporter: reportAppStartupTime:name:com.google.android.apps.tv.launcherx,time:422;name:com.google.android.packageinstaller,time:283;name:com.vt.tv.tvcenter,time:2338;name:com.google.android.apps.tv.dreamx,time:649;name:com.yablio.sendfilestotv,time:1573;name:com.android.tv.settings,time:187;name:in.southstream.android,time:879;name:com.android.vending,time:683;name:com.webnexs.rod_tv,time:802
04-10 15:20:19.771  1605  1933 I LogReportUtils: The Exception map sent out is:{tvmode=2, Os=Android, Zone=5, eventPos=010, eventtime=1775814619, eventType=001, commonInfo=istest:0, extratop=name:com.google.android.apps.tv.launcherx,time:422;name:com.google.android.packageinstaller,time:283;name:com.vt.tv.tvcenter,time:2338;name:com.google.android.apps.tv.dreamx,time:649;name:com.yablio.sendfilestotv,time:1573;name:com.android.tv.settings,time:187;name:in.southstream.android,time:879;name:com.android.vending,time:683;name:com.webnexs.rod_tv,time:802, resolution=4K, eventCode=001010, Brand=vuz, ChipPlatform=his9603, Capabilitycode=2023070501, tvversion=V0000.01.00T.P0805, Version=3.0, DeviceMsg=55DL61Q0000184, CountryCode=IND, logstamp=170}
[15:20:58] 🔴 CRASH: 04-10 15:08:42.518 20035 20069 E AndroidRuntime: FATAL EXCEPTION: mqt_native_modules
04-10 15:12:07.537 21811 21847 E AndroidRuntime: FATAL EXCEPTION: mqt_native_modules
[15:20:58] 🟡 STALL: 04-10 15:20:01.483 23739 23840 D ProfileInstaller: Installing profile for in.southstream.android
04-10 15:20:19.764  1605  2562 D NpsLogReporter: reportAppStartupTime:name:com.google.android.apps.tv.launcherx,time:422;name:com.google.android.packageinstaller,time:283;name:com.vt.tv.tvcenter,time:2338;name:com.google.android.apps.tv.dreamx,time:649;name:com.yablio.sendfilestotv,time:1573;name:com.android.tv.settings,time:187;name:in.southstream.android,time:879;name:com.android.vending,time:683;name:com.webnexs.rod_tv,time:802
04-10 15:20:19.771  1605  1933 I LogReportUtils: The Exception map sent out is:{tvmode=2, Os=Android, Zone=5, eventPos=010, eventtime=1775814619, eventType=001, commonInfo=istest:0, extratop=name:com.google.android.apps.tv.launcherx,time:422;name:com.google.android.packageinstaller,time:283;name:com.vt.tv.tvcenter,time:2338;name:com.google.android.apps.tv.dreamx,time:649;name:com.yablio.sendfilestotv,time:1573;name:com.android.tv.settings,time:187;name:in.southstream.android,time:879;name:com.android.vending,time:683;name:com.webnexs.rod_tv,time:802, resolution=4K, eventCode=001010, Brand=vuz, ChipPlatform=his9603, Capabilitycode=2023070501, tvversion=V0000.01.00T.P0805, Version=3.0, DeviceMsg=55DL61Q0000184, CountryCode=IND, logstamp=170}
[15:21:06] 🔴 CRASH: 04-10 15:08:42.518 20035 20069 E AndroidRuntime: FATAL EXCEPTION: mqt_native_modules
04-10 15:12:07.537 21811 21847 E AndroidRuntime: FATAL EXCEPTION: mqt_native_modules
[15:21:06] 🟡 STALL: 04-10 15:20:01.483 23739 23840 D ProfileInstaller: Installing profile for in.southstream.android
04-10 15:20:19.764  1605  2562 D NpsLogReporter: reportAppStartupTime:name:com.google.android.apps.tv.launcherx,time:422;name:com.google.android.packageinstaller,time:283;name:com.vt.tv.tvcenter,time:2338;name:com.google.android.apps.tv.dreamx,time:649;name:com.yablio.sendfilestotv,time:1573;name:com.android.tv.settings,time:187;name:in.southstream.android,time:879;name:com.android.vending,time:683;name:com.webnexs.rod_tv,time:802
04-10 15:20:19.771  1605  1933 I LogReportUtils: The Exception map sent out is:{tvmode=2, Os=Android, Zone=5, eventPos=010, eventtime=1775814619, eventType=001, commonInfo=istest:0, extratop=name:com.google.android.apps.tv.launcherx,time:422;name:com.google.android.packageinstaller,time:283;name:com.vt.tv.tvcenter,time:2338;name:com.google.android.apps.tv.dreamx,time:649;name:com.yablio.sendfilestotv,time:1573;name:com.android.tv.settings,time:187;name:in.southstream.android,time:879;name:com.android.vending,time:683;name:com.webnexs.rod_tv,time:802, resolution=4K, eventCode=001010, Brand=vuz, ChipPlatform=his9603, Capabilitycode=2023070501, tvversion=V0000.01.00T.P0805, Version=3.0, DeviceMsg=55DL61Q0000184, CountryCode=IND, logstamp=170}
[15:21:13] 🔴 CRASH: 04-10 15:08:42.518 20035 20069 E AndroidRuntime: FATAL EXCEPTION: mqt_native_modules
04-10 15:12:07.537 21811 21847 E AndroidRuntime: FATAL EXCEPTION: mqt_native_modules
[15:21:13] 🟡 STALL: 04-10 15:20:01.483 23739 23840 D ProfileInstaller: Installing profile for in.southstream.android
04-10 15:20:19.764  1605  2562 D NpsLogReporter: reportAppStartupTime:name:com.google.android.apps.tv.launcherx,time:422;name:com.google.android.packageinstaller,time:283;name:com.vt.tv.tvcenter,time:2338;name:com.google.android.apps.tv.dreamx,time:649;name:com.yablio.sendfilestotv,time:1573;name:com.android.tv.settings,time:187;name:in.southstream.android,time:879;name:com.android.vending,time:683;name:com.webnexs.rod_tv,time:802
04-10 15:20:19.771  1605  1933 I LogReportUtils: The Exception map sent out is:{tvmode=2, Os=Android, Zone=5, eventPos=010, eventtime=1775814619, eventType=001, commonInfo=istest:0, extratop=name:com.google.android.apps.tv.launcherx,time:422;name:com.google.android.packageinstaller,time:283;name:com.vt.tv.tvcenter,time:2338;name:com.google.android.apps.tv.dreamx,time:649;name:com.yablio.sendfilestotv,time:1573;name:com.android.tv.settings,time:187;name:in.southstream.android,time:879;name:com.android.vending,time:683;name:com.webnexs.rod_tv,time:802, resolution=4K, eventCode=001010, Brand=vuz, ChipPlatform=his9603, Capabilitycode=2023070501, tvversion=V0000.01.00T.P0805, Version=3.0, DeviceMsg=55DL61Q0000184, CountryCode=IND, logstamp=170}
[15:21:21] 🔴 CRASH: 04-10 15:08:42.518 20035 20069 E AndroidRuntime: FATAL EXCEPTION: mqt_native_modules
04-10 15:12:07.537 21811 21847 E AndroidRuntime: FATAL EXCEPTION: mqt_native_modules
[15:21:21] 🟡 STALL: 04-10 15:20:01.483 23739 23840 D ProfileInstaller: Installing profile for in.southstream.android
04-10 15:20:19.764  1605  2562 D NpsLogReporter: reportAppStartupTime:name:com.google.android.apps.tv.launcherx,time:422;name:com.google.android.packageinstaller,time:283;name:com.vt.tv.tvcenter,time:2338;name:com.google.android.apps.tv.dreamx,time:649;name:com.yablio.sendfilestotv,time:1573;name:com.android.tv.settings,time:187;name:in.southstream.android,time:879;name:com.android.vending,time:683;name:com.webnexs.rod_tv,time:802
04-10 15:20:19.771  1605  1933 I LogReportUtils: The Exception map sent out is:{tvmode=2, Os=Android, Zone=5, eventPos=010, eventtime=1775814619, eventType=001, commonInfo=istest:0, extratop=name:com.google.android.apps.tv.launcherx,time:422;name:com.google.android.packageinstaller,time:283;name:com.vt.tv.tvcenter,time:2338;name:com.google.android.apps.tv.dreamx,time:649;name:com.yablio.sendfilestotv,time:1573;name:com.android.tv.settings,time:187;name:in.southstream.android,time:879;name:com.android.vending,time:683;name:com.webnexs.rod_tv,time:802, resolution=4K, eventCode=001010, Brand=vuz, ChipPlatform=his9603, Capabilitycode=2023070501, tvversion=V0000.01.00T.P0805, Version=3.0, DeviceMsg=55DL61Q0000184, CountryCode=IND, logstamp=170}
[15:21:29] 🔴 CRASH: 04-10 15:08:42.518 20035 20069 E AndroidRuntime: FATAL EXCEPTION: mqt_native_modules
04-10 15:12:07.537 21811 21847 E AndroidRuntime: FATAL EXCEPTION: mqt_native_modules
[15:21:29] 🟡 STALL: 04-10 15:20:01.483 23739 23840 D ProfileInstaller: Installing profile for in.southstream.android
04-10 15:20:19.764  1605  2562 D NpsLogReporter: reportAppStartupTime:name:com.google.android.apps.tv.launcherx,time:422;name:com.google.android.packageinstaller,time:283;name:com.vt.tv.tvcenter,time:2338;name:com.google.android.apps.tv.dreamx,time:649;name:com.yablio.sendfilestotv,time:1573;name:com.android.tv.settings,time:187;name:in.southstream.android,time:879;name:com.android.vending,time:683;name:com.webnexs.rod_tv,time:802
04-10 15:20:19.771  1605  1933 I LogReportUtils: The Exception map sent out is:{tvmode=2, Os=Android, Zone=5, eventPos=010, eventtime=1775814619, eventType=001, commonInfo=istest:0, extratop=name:com.google.android.apps.tv.launcherx,time:422;name:com.google.android.packageinstaller,time:283;name:com.vt.tv.tvcenter,time:2338;name:com.google.android.apps.tv.dreamx,time:649;name:com.yablio.sendfilestotv,time:1573;name:com.android.tv.settings,time:187;name:in.southstream.android,time:879;name:com.android.vending,time:683;name:com.webnexs.rod_tv,time:802, resolution=4K, eventCode=001010, Brand=vuz, ChipPlatform=his9603, Capabilitycode=2023070501, tvversion=V0000.01.00T.P0805, Version=3.0, DeviceMsg=55DL61Q0000184, CountryCode=IND, logstamp=170}
[15:21:37] 🔴 CRASH: 04-10 15:08:42.518 20035 20069 E AndroidRuntime: FATAL EXCEPTION: mqt_native_modules
04-10 15:12:07.537 21811 21847 E AndroidRuntime: FATAL EXCEPTION: mqt_native_modules
[15:21:37] 🟡 STALL: 04-10 15:20:01.483 23739 23840 D ProfileInstaller: Installing profile for in.southstream.android
04-10 15:20:19.764  1605  2562 D NpsLogReporter: reportAppStartupTime:name:com.google.android.apps.tv.launcherx,time:422;name:com.google.android.packageinstaller,time:283;name:com.vt.tv.tvcenter,time:2338;name:com.google.android.apps.tv.dreamx,time:649;name:com.yablio.sendfilestotv,time:1573;name:com.android.tv.settings,time:187;name:in.southstream.android,time:879;name:com.android.vending,time:683;name:com.webnexs.rod_tv,time:802
04-10 15:20:19.771  1605  1933 I LogReportUtils: The Exception map sent out is:{tvmode=2, Os=Android, Zone=5, eventPos=010, eventtime=1775814619, eventType=001, commonInfo=istest:0, extratop=name:com.google.android.apps.tv.launcherx,time:422;name:com.google.android.packageinstaller,time:283;name:com.vt.tv.tvcenter,time:2338;name:com.google.android.apps.tv.dreamx,time:649;name:com.yablio.sendfilestotv,time:1573;name:com.android.tv.settings,time:187;name:in.southstream.android,time:879;name:com.android.vending,time:683;name:com.webnexs.rod_tv,time:802, resolution=4K, eventCode=001010, Brand=vuz, ChipPlatform=his9603, Capabilitycode=2023070501, tvversion=V0000.01.00T.P0805, Version=3.0, DeviceMsg=55DL61Q0000184, CountryCode=IND, logstamp=170}
[15:21:45] 🔴 CRASH: 04-10 15:08:42.518 20035 20069 E AndroidRuntime: FATAL EXCEPTION: mqt_native_modules
04-10 15:12:07.537 21811 21847 E AndroidRuntime: FATAL EXCEPTION: mqt_native_modules
[15:21:45] 🟡 STALL: 04-10 15:20:01.483 23739 23840 D ProfileInstaller: Installing profile for in.southstream.android
04-10 15:20:19.764  1605  2562 D NpsLogReporter: reportAppStartupTime:name:com.google.android.apps.tv.launcherx,time:422;name:com.google.android.packageinstaller,time:283;name:com.vt.tv.tvcenter,time:2338;name:com.google.android.apps.tv.dreamx,time:649;name:com.yablio.sendfilestotv,time:1573;name:com.android.tv.settings,time:187;name:in.southstream.android,time:879;name:com.android.vending,time:683;name:com.webnexs.rod_tv,time:802
04-10 15:20:19.771  1605  1933 I LogReportUtils: The Exception map sent out is:{tvmode=2, Os=Android, Zone=5, eventPos=010, eventtime=1775814619, eventType=001, commonInfo=istest:0, extratop=name:com.google.android.apps.tv.launcherx,time:422;name:com.google.android.packageinstaller,time:283;name:com.vt.tv.tvcenter,time:2338;name:com.google.android.apps.tv.dreamx,time:649;name:com.yablio.sendfilestotv,time:1573;name:com.android.tv.settings,time:187;name:in.southstream.android,time:879;name:com.android.vending,time:683;name:com.webnexs.rod_tv,time:802, resolution=4K, eventCode=001010, Brand=vuz, ChipPlatform=his9603, Capabilitycode=2023070501, tvversion=V0000.01.00T.P0805, Version=3.0, DeviceMsg=55DL61Q0000184, CountryCode=IND, logstamp=170}
[15:21:53] 🔴 CRASH: 04-10 15:08:42.518 20035 20069 E AndroidRuntime: FATAL EXCEPTION: mqt_native_modules
04-10 15:12:07.537 21811 21847 E AndroidRuntime: FATAL EXCEPTION: mqt_native_modules
[15:21:53] 🟡 STALL: 04-10 15:20:01.483 23739 23840 D ProfileInstaller: Installing profile for in.southstream.android
04-10 15:20:19.764  1605  2562 D NpsLogReporter: reportAppStartupTime:name:com.google.android.apps.tv.launcherx,time:422;name:com.google.android.packageinstaller,time:283;name:com.vt.tv.tvcenter,time:2338;name:com.google.android.apps.tv.dreamx,time:649;name:com.yablio.sendfilestotv,time:1573;name:com.android.tv.settings,time:187;name:in.southstream.android,time:879;name:com.android.vending,time:683;name:com.webnexs.rod_tv,time:802
04-10 15:20:19.771  1605  1933 I LogReportUtils: The Exception map sent out is:{tvmode=2, Os=Android, Zone=5, eventPos=010, eventtime=1775814619, eventType=001, commonInfo=istest:0, extratop=name:com.google.android.apps.tv.launcherx,time:422;name:com.google.android.packageinstaller,time:283;name:com.vt.tv.tvcenter,time:2338;name:com.google.android.apps.tv.dreamx,time:649;name:com.yablio.sendfilestotv,time:1573;name:com.android.tv.settings,time:187;name:in.southstream.android,time:879;name:com.android.vending,time:683;name:com.webnexs.rod_tv,time:802, resolution=4K, eventCode=001010, Brand=vuz, ChipPlatform=his9603, Capabilitycode=2023070501, tvversion=V0000.01.00T.P0805, Version=3.0, DeviceMsg=55DL61Q0000184, CountryCode=IND, logstamp=170}
[15:22:01] 🔴 CRASH: 04-10 15:08:42.518 20035 20069 E AndroidRuntime: FATAL EXCEPTION: mqt_native_modules
04-10 15:12:07.537 21811 21847 E AndroidRuntime: FATAL EXCEPTION: mqt_native_modules
[15:22:01] 🟡 STALL: 04-10 15:20:01.483 23739 23840 D ProfileInstaller: Installing profile for in.southstream.android
04-10 15:20:19.764  1605  2562 D NpsLogReporter: reportAppStartupTime:name:com.google.android.apps.tv.launcherx,time:422;name:com.google.android.packageinstaller,time:283;name:com.vt.tv.tvcenter,time:2338;name:com.google.android.apps.tv.dreamx,time:649;name:com.yablio.sendfilestotv,time:1573;name:com.android.tv.settings,time:187;name:in.southstream.android,time:879;name:com.android.vending,time:683;name:com.webnexs.rod_tv,time:802
04-10 15:20:19.771  1605  1933 I LogReportUtils: The Exception map sent out is:{tvmode=2, Os=Android, Zone=5, eventPos=010, eventtime=1775814619, eventType=001, commonInfo=istest:0, extratop=name:com.google.android.apps.tv.launcherx,time:422;name:com.google.android.packageinstaller,time:283;name:com.vt.tv.tvcenter,time:2338;name:com.google.android.apps.tv.dreamx,time:649;name:com.yablio.sendfilestotv,time:1573;name:com.android.tv.settings,time:187;name:in.southstream.android,time:879;name:com.android.vending,time:683;name:com.webnexs.rod_tv,time:802, resolution=4K, eventCode=001010, Brand=vuz, ChipPlatform=his9603, Capabilitycode=2023070501, tvversion=V0000.01.00T.P0805, Version=3.0, DeviceMsg=55DL61Q0000184, CountryCode=IND, logstamp=170}
[15:22:08] 🔴 CRASH: 04-10 15:08:42.518 20035 20069 E AndroidRuntime: FATAL EXCEPTION: mqt_native_modules
04-10 15:12:07.537 21811 21847 E AndroidRuntime: FATAL EXCEPTION: mqt_native_modules
[15:22:08] 🟡 STALL: 04-10 15:20:01.483 23739 23840 D ProfileInstaller: Installing profile for in.southstream.android
04-10 15:20:19.764  1605  2562 D NpsLogReporter: reportAppStartupTime:name:com.google.android.apps.tv.launcherx,time:422;name:com.google.android.packageinstaller,time:283;name:com.vt.tv.tvcenter,time:2338;name:com.google.android.apps.tv.dreamx,time:649;name:com.yablio.sendfilestotv,time:1573;name:com.android.tv.settings,time:187;name:in.southstream.android,time:879;name:com.android.vending,time:683;name:com.webnexs.rod_tv,time:802
04-10 15:20:19.771  1605  1933 I LogReportUtils: The Exception map sent out is:{tvmode=2, Os=Android, Zone=5, eventPos=010, eventtime=1775814619, eventType=001, commonInfo=istest:0, extratop=name:com.google.android.apps.tv.launcherx,time:422;name:com.google.android.packageinstaller,time:283;name:com.vt.tv.tvcenter,time:2338;name:com.google.android.apps.tv.dreamx,time:649;name:com.yablio.sendfilestotv,time:1573;name:com.android.tv.settings,time:187;name:in.southstream.android,time:879;name:com.android.vending,time:683;name:com.webnexs.rod_tv,time:802, resolution=4K, eventCode=001010, Brand=vuz, ChipPlatform=his9603, Capabilitycode=2023070501, tvversion=V0000.01.00T.P0805, Version=3.0, DeviceMsg=55DL61Q0000184, CountryCode=IND, logstamp=170}
[15:22:16] 🔴 CRASH: 04-10 15:08:42.518 20035 20069 E AndroidRuntime: FATAL EXCEPTION: mqt_native_modules
04-10 15:12:07.537 21811 21847 E AndroidRuntime: FATAL EXCEPTION: mqt_native_modules
[15:22:16] 🟡 STALL: 04-10 15:20:01.483 23739 23840 D ProfileInstaller: Installing profile for in.southstream.android
04-10 15:20:19.764  1605  2562 D NpsLogReporter: reportAppStartupTime:name:com.google.android.apps.tv.launcherx,time:422;name:com.google.android.packageinstaller,time:283;name:com.vt.tv.tvcenter,time:2338;name:com.google.android.apps.tv.dreamx,time:649;name:com.yablio.sendfilestotv,time:1573;name:com.android.tv.settings,time:187;name:in.southstream.android,time:879;name:com.android.vending,time:683;name:com.webnexs.rod_tv,time:802
04-10 15:20:19.771  1605  1933 I LogReportUtils: The Exception map sent out is:{tvmode=2, Os=Android, Zone=5, eventPos=010, eventtime=1775814619, eventType=001, commonInfo=istest:0, extratop=name:com.google.android.apps.tv.launcherx,time:422;name:com.google.android.packageinstaller,time:283;name:com.vt.tv.tvcenter,time:2338;name:com.google.android.apps.tv.dreamx,time:649;name:com.yablio.sendfilestotv,time:1573;name:com.android.tv.settings,time:187;name:in.southstream.android,time:879;name:com.android.vending,time:683;name:com.webnexs.rod_tv,time:802, resolution=4K, eventCode=001010, Brand=vuz, ChipPlatform=his9603, Capabilitycode=2023070501, tvversion=V0000.01.00T.P0805, Version=3.0, DeviceMsg=55DL61Q0000184, CountryCode=IND, logstamp=170}
[15:22:24] 🔴 CRASH: 04-10 15:08:42.518 20035 20069 E AndroidRuntime: FATAL EXCEPTION: mqt_native_modules
04-10 15:12:07.537 21811 21847 E AndroidRuntime: FATAL EXCEPTION: mqt_native_modules
[15:22:24] 🟡 STALL: 04-10 15:20:01.483 23739 23840 D ProfileInstaller: Installing profile for in.southstream.android
04-10 15:20:19.764  1605  2562 D NpsLogReporter: reportAppStartupTime:name:com.google.android.apps.tv.launcherx,time:422;name:com.google.android.packageinstaller,time:283;name:com.vt.tv.tvcenter,time:2338;name:com.google.android.apps.tv.dreamx,time:649;name:com.yablio.sendfilestotv,time:1573;name:com.android.tv.settings,time:187;name:in.southstream.android,time:879;name:com.android.vending,time:683;name:com.webnexs.rod_tv,time:802
04-10 15:20:19.771  1605  1933 I LogReportUtils: The Exception map sent out is:{tvmode=2, Os=Android, Zone=5, eventPos=010, eventtime=1775814619, eventType=001, commonInfo=istest:0, extratop=name:com.google.android.apps.tv.launcherx,time:422;name:com.google.android.packageinstaller,time:283;name:com.vt.tv.tvcenter,time:2338;name:com.google.android.apps.tv.dreamx,time:649;name:com.yablio.sendfilestotv,time:1573;name:com.android.tv.settings,time:187;name:in.southstream.android,time:879;name:com.android.vending,time:683;name:com.webnexs.rod_tv,time:802, resolution=4K, eventCode=001010, Brand=vuz, ChipPlatform=his9603, Capabilitycode=2023070501, tvversion=V0000.01.00T.P0805, Version=3.0, DeviceMsg=55DL61Q0000184, CountryCode=IND, logstamp=170}
[15:22:31] 🔴 CRASH: 04-10 15:08:42.518 20035 20069 E AndroidRuntime: FATAL EXCEPTION: mqt_native_modules
04-10 15:12:07.537 21811 21847 E AndroidRuntime: FATAL EXCEPTION: mqt_native_modules
[15:22:31] 🟡 STALL: 04-10 15:20:01.483 23739 23840 D ProfileInstaller: Installing profile for in.southstream.android
04-10 15:20:19.764  1605  2562 D NpsLogReporter: reportAppStartupTime:name:com.google.android.apps.tv.launcherx,time:422;name:com.google.android.packageinstaller,time:283;name:com.vt.tv.tvcenter,time:2338;name:com.google.android.apps.tv.dreamx,time:649;name:com.yablio.sendfilestotv,time:1573;name:com.android.tv.settings,time:187;name:in.southstream.android,time:879;name:com.android.vending,time:683;name:com.webnexs.rod_tv,time:802
04-10 15:20:19.771  1605  1933 I LogReportUtils: The Exception map sent out is:{tvmode=2, Os=Android, Zone=5, eventPos=010, eventtime=1775814619, eventType=001, commonInfo=istest:0, extratop=name:com.google.android.apps.tv.launcherx,time:422;name:com.google.android.packageinstaller,time:283;name:com.vt.tv.tvcenter,time:2338;name:com.google.android.apps.tv.dreamx,time:649;name:com.yablio.sendfilestotv,time:1573;name:com.android.tv.settings,time:187;name:in.southstream.android,time:879;name:com.android.vending,time:683;name:com.webnexs.rod_tv,time:802, resolution=4K, eventCode=001010, Brand=vuz, ChipPlatform=his9603, Capabilitycode=2023070501, tvversion=V0000.01.00T.P0805, Version=3.0, DeviceMsg=55DL61Q0000184, CountryCode=IND, logstamp=170}
[15:22:40] 🔴 CRASH: 04-10 15:08:42.518 20035 20069 E AndroidRuntime: FATAL EXCEPTION: mqt_native_modules
04-10 15:12:07.537 21811 21847 E AndroidRuntime: FATAL EXCEPTION: mqt_native_modules
[15:22:40] 🟡 STALL: 04-10 15:20:01.483 23739 23840 D ProfileInstaller: Installing profile for in.southstream.android
04-10 15:20:19.764  1605  2562 D NpsLogReporter: reportAppStartupTime:name:com.google.android.apps.tv.launcherx,time:422;name:com.google.android.packageinstaller,time:283;name:com.vt.tv.tvcenter,time:2338;name:com.google.android.apps.tv.dreamx,time:649;name:com.yablio.sendfilestotv,time:1573;name:com.android.tv.settings,time:187;name:in.southstream.android,time:879;name:com.android.vending,time:683;name:com.webnexs.rod_tv,time:802
04-10 15:20:19.771  1605  1933 I LogReportUtils: The Exception map sent out is:{tvmode=2, Os=Android, Zone=5, eventPos=010, eventtime=1775814619, eventType=001, commonInfo=istest:0, extratop=name:com.google.android.apps.tv.launcherx,time:422;name:com.google.android.packageinstaller,time:283;name:com.vt.tv.tvcenter,time:2338;name:com.google.android.apps.tv.dreamx,time:649;name:com.yablio.sendfilestotv,time:1573;name:com.android.tv.settings,time:187;name:in.southstream.android,time:879;name:com.android.vending,time:683;name:com.webnexs.rod_tv,time:802, resolution=4K, eventCode=001010, Brand=vuz, ChipPlatform=his9603, Capabilitycode=2023070501, tvversion=V0000.01.00T.P0805, Version=3.0, DeviceMsg=55DL61Q0000184, CountryCode=IND, logstamp=170}
[15:22:48] 🔴 CRASH: 04-10 15:08:42.518 20035 20069 E AndroidRuntime: FATAL EXCEPTION: mqt_native_modules
04-10 15:12:07.537 21811 21847 E AndroidRuntime: FATAL EXCEPTION: mqt_native_modules
[15:22:48] 🟡 STALL: 04-10 15:20:01.483 23739 23840 D ProfileInstaller: Installing profile for in.southstream.android
04-10 15:20:19.764  1605  2562 D NpsLogReporter: reportAppStartupTime:name:com.google.android.apps.tv.launcherx,time:422;name:com.google.android.packageinstaller,time:283;name:com.vt.tv.tvcenter,time:2338;name:com.google.android.apps.tv.dreamx,time:649;name:com.yablio.sendfilestotv,time:1573;name:com.android.tv.settings,time:187;name:in.southstream.android,time:879;name:com.android.vending,time:683;name:com.webnexs.rod_tv,time:802
04-10 15:20:19.771  1605  1933 I LogReportUtils: The Exception map sent out is:{tvmode=2, Os=Android, Zone=5, eventPos=010, eventtime=1775814619, eventType=001, commonInfo=istest:0, extratop=name:com.google.android.apps.tv.launcherx,time:422;name:com.google.android.packageinstaller,time:283;name:com.vt.tv.tvcenter,time:2338;name:com.google.android.apps.tv.dreamx,time:649;name:com.yablio.sendfilestotv,time:1573;name:com.android.tv.settings,time:187;name:in.southstream.android,time:879;name:com.android.vending,time:683;name:com.webnexs.rod_tv,time:802, resolution=4K, eventCode=001010, Brand=vuz, ChipPlatform=his9603, Capabilitycode=2023070501, tvversion=V0000.01.00T.P0805, Version=3.0, DeviceMsg=55DL61Q0000184, CountryCode=IND, logstamp=170}
[15:22:56] 🔴 CRASH: 04-10 15:08:42.518 20035 20069 E AndroidRuntime: FATAL EXCEPTION: mqt_native_modules
04-10 15:12:07.537 21811 21847 E AndroidRuntime: FATAL EXCEPTION: mqt_native_modules
[15:22:56] 🟡 STALL: 04-10 15:20:01.483 23739 23840 D ProfileInstaller: Installing profile for in.southstream.android
04-10 15:20:19.764  1605  2562 D NpsLogReporter: reportAppStartupTime:name:com.google.android.apps.tv.launcherx,time:422;name:com.google.android.packageinstaller,time:283;name:com.vt.tv.tvcenter,time:2338;name:com.google.android.apps.tv.dreamx,time:649;name:com.yablio.sendfilestotv,time:1573;name:com.android.tv.settings,time:187;name:in.southstream.android,time:879;name:com.android.vending,time:683;name:com.webnexs.rod_tv,time:802
04-10 15:20:19.771  1605  1933 I LogReportUtils: The Exception map sent out is:{tvmode=2, Os=Android, Zone=5, eventPos=010, eventtime=1775814619, eventType=001, commonInfo=istest:0, extratop=name:com.google.android.apps.tv.launcherx,time:422;name:com.google.android.packageinstaller,time:283;name:com.vt.tv.tvcenter,time:2338;name:com.google.android.apps.tv.dreamx,time:649;name:com.yablio.sendfilestotv,time:1573;name:com.android.tv.settings,time:187;name:in.southstream.android,time:879;name:com.android.vending,time:683;name:com.webnexs.rod_tv,time:802, resolution=4K, eventCode=001010, Brand=vuz, ChipPlatform=his9603, Capabilitycode=2023070501, tvversion=V0000.01.00T.P0805, Version=3.0, DeviceMsg=55DL61Q0000184, CountryCode=IND, logstamp=170}
[15:23:05] 🔴 CRASH: 04-10 15:08:42.518 20035 20069 E AndroidRuntime: FATAL EXCEPTION: mqt_native_modules
04-10 15:12:07.537 21811 21847 E AndroidRuntime: FATAL EXCEPTION: mqt_native_modules
[15:23:05] 🟡 STALL: 04-10 15:20:01.483 23739 23840 D ProfileInstaller: Installing profile for in.southstream.android
04-10 15:20:19.764  1605  2562 D NpsLogReporter: reportAppStartupTime:name:com.google.android.apps.tv.launcherx,time:422;name:com.google.android.packageinstaller,time:283;name:com.vt.tv.tvcenter,time:2338;name:com.google.android.apps.tv.dreamx,time:649;name:com.yablio.sendfilestotv,time:1573;name:com.android.tv.settings,time:187;name:in.southstream.android,time:879;name:com.android.vending,time:683;name:com.webnexs.rod_tv,time:802
04-10 15:20:19.771  1605  1933 I LogReportUtils: The Exception map sent out is:{tvmode=2, Os=Android, Zone=5, eventPos=010, eventtime=1775814619, eventType=001, commonInfo=istest:0, extratop=name:com.google.android.apps.tv.launcherx,time:422;name:com.google.android.packageinstaller,time:283;name:com.vt.tv.tvcenter,time:2338;name:com.google.android.apps.tv.dreamx,time:649;name:com.yablio.sendfilestotv,time:1573;name:com.android.tv.settings,time:187;name:in.southstream.android,time:879;name:com.android.vending,time:683;name:com.webnexs.rod_tv,time:802, resolution=4K, eventCode=001010, Brand=vuz, ChipPlatform=his9603, Capabilitycode=2023070501, tvversion=V0000.01.00T.P0805, Version=3.0, DeviceMsg=55DL61Q0000184, CountryCode=IND, logstamp=170}
[15:23:13] 🔴 CRASH: 04-10 15:08:42.518 20035 20069 E AndroidRuntime: FATAL EXCEPTION: mqt_native_modules
04-10 15:12:07.537 21811 21847 E AndroidRuntime: FATAL EXCEPTION: mqt_native_modules
[15:23:13] 🟡 STALL: 04-10 15:20:01.483 23739 23840 D ProfileInstaller: Installing profile for in.southstream.android
04-10 15:20:19.764  1605  2562 D NpsLogReporter: reportAppStartupTime:name:com.google.android.apps.tv.launcherx,time:422;name:com.google.android.packageinstaller,time:283;name:com.vt.tv.tvcenter,time:2338;name:com.google.android.apps.tv.dreamx,time:649;name:com.yablio.sendfilestotv,time:1573;name:com.android.tv.settings,time:187;name:in.southstream.android,time:879;name:com.android.vending,time:683;name:com.webnexs.rod_tv,time:802
04-10 15:20:19.771  1605  1933 I LogReportUtils: The Exception map sent out is:{tvmode=2, Os=Android, Zone=5, eventPos=010, eventtime=1775814619, eventType=001, commonInfo=istest:0, extratop=name:com.google.android.apps.tv.launcherx,time:422;name:com.google.android.packageinstaller,time:283;name:com.vt.tv.tvcenter,time:2338;name:com.google.android.apps.tv.dreamx,time:649;name:com.yablio.sendfilestotv,time:1573;name:com.android.tv.settings,time:187;name:in.southstream.android,time:879;name:com.android.vending,time:683;name:com.webnexs.rod_tv,time:802, resolution=4K, eventCode=001010, Brand=vuz, ChipPlatform=his9603, Capabilitycode=2023070501, tvversion=V0000.01.00T.P0805, Version=3.0, DeviceMsg=55DL61Q0000184, CountryCode=IND, logstamp=170}
[15:23:21] 🔴 CRASH: 04-10 15:08:42.518 20035 20069 E AndroidRuntime: FATAL EXCEPTION: mqt_native_modules
04-10 15:12:07.537 21811 21847 E AndroidRuntime: FATAL EXCEPTION: mqt_native_modules
[15:23:21] 🟡 STALL: 04-10 15:20:19.771  1605  1933 I LogReportUtils: The Exception map sent out is:{tvmode=2, Os=Android, Zone=5, eventPos=010, eventtime=1775814619, eventType=001, commonInfo=istest:0, extratop=name:com.google.android.apps.tv.launcherx,time:422;name:com.google.android.packageinstaller,time:283;name:com.vt.tv.tvcenter,time:2338;name:com.google.android.apps.tv.dreamx,time:649;name:com.yablio.sendfilestotv,time:1573;name:com.android.tv.settings,time:187;name:in.southstream.android,time:879;name:com.android.vending,time:683;name:com.webnexs.rod_tv,time:802, resolution=4K, eventCode=001010, Brand=vuz, ChipPlatform=his9603, Capabilitycode=2023070501, tvversion=V0000.01.00T.P0805, Version=3.0, DeviceMsg=55DL61Q0000184, CountryCode=IND, logstamp=170}
04-10 15:23:21.660   216   216 I lowmemorykiller: Kill 'com.google.android.packageinstaller' (19919), uid 10032, oom_score_adj 975 to free 38848kB rss, 23504kB swap; reason: low watermark is breached and swap is low (45292kB < 81916kB)
04-10 15:23:21.764   825  2714 I ActivityManager: Process com.google.android.packageinstaller (pid 19919) has died: cch+75 CEM 
[15:23:32] 🔴 CRASH: 04-10 15:08:42.518 20035 20069 E AndroidRuntime: FATAL EXCEPTION: mqt_native_modules
04-10 15:12:07.537 21811 21847 E AndroidRuntime: FATAL EXCEPTION: mqt_native_modules
[15:23:32] 🟡 STALL: 04-10 15:20:19.771  1605  1933 I LogReportUtils: The Exception map sent out is:{tvmode=2, Os=Android, Zone=5, eventPos=010, eventtime=1775814619, eventType=001, commonInfo=istest:0, extratop=name:com.google.android.apps.tv.launcherx,time:422;name:com.google.android.packageinstaller,time:283;name:com.vt.tv.tvcenter,time:2338;name:com.google.android.apps.tv.dreamx,time:649;name:com.yablio.sendfilestotv,time:1573;name:com.android.tv.settings,time:187;name:in.southstream.android,time:879;name:com.android.vending,time:683;name:com.webnexs.rod_tv,time:802, resolution=4K, eventCode=001010, Brand=vuz, ChipPlatform=his9603, Capabilitycode=2023070501, tvversion=V0000.01.00T.P0805, Version=3.0, DeviceMsg=55DL61Q0000184, CountryCode=IND, logstamp=170}
04-10 15:23:21.660   216   216 I lowmemorykiller: Kill 'com.google.android.packageinstaller' (19919), uid 10032, oom_score_adj 975 to free 38848kB rss, 23504kB swap; reason: low watermark is breached and swap is low (45292kB < 81916kB)
04-10 15:23:21.764   825  2714 I ActivityManager: Process com.google.android.packageinstaller (pid 19919) has died: cch+75 CEM 
[15:23:40] 🔴 CRASH: 04-10 15:08:42.518 20035 20069 E AndroidRuntime: FATAL EXCEPTION: mqt_native_modules
04-10 15:12:07.537 21811 21847 E AndroidRuntime: FATAL EXCEPTION: mqt_native_modules
[15:23:40] 🟡 STALL: 04-10 15:20:19.771  1605  1933 I LogReportUtils: The Exception map sent out is:{tvmode=2, Os=Android, Zone=5, eventPos=010, eventtime=1775814619, eventType=001, commonInfo=istest:0, extratop=name:com.google.android.apps.tv.launcherx,time:422;name:com.google.android.packageinstaller,time:283;name:com.vt.tv.tvcenter,time:2338;name:com.google.android.apps.tv.dreamx,time:649;name:com.yablio.sendfilestotv,time:1573;name:com.android.tv.settings,time:187;name:in.southstream.android,time:879;name:com.android.vending,time:683;name:com.webnexs.rod_tv,time:802, resolution=4K, eventCode=001010, Brand=vuz, ChipPlatform=his9603, Capabilitycode=2023070501, tvversion=V0000.01.00T.P0805, Version=3.0, DeviceMsg=55DL61Q0000184, CountryCode=IND, logstamp=170}
04-10 15:23:21.660   216   216 I lowmemorykiller: Kill 'com.google.android.packageinstaller' (19919), uid 10032, oom_score_adj 975 to free 38848kB rss, 23504kB swap; reason: low watermark is breached and swap is low (45292kB < 81916kB)
04-10 15:23:21.764   825  2714 I ActivityManager: Process com.google.android.packageinstaller (pid 19919) has died: cch+75 CEM 
[15:23:48] 🔴 CRASH: 04-10 15:08:42.518 20035 20069 E AndroidRuntime: FATAL EXCEPTION: mqt_native_modules
04-10 15:12:07.537 21811 21847 E AndroidRuntime: FATAL EXCEPTION: mqt_native_modules
[15:23:48] 🟡 STALL: 04-10 15:20:19.771  1605  1933 I LogReportUtils: The Exception map sent out is:{tvmode=2, Os=Android, Zone=5, eventPos=010, eventtime=1775814619, eventType=001, commonInfo=istest:0, extratop=name:com.google.android.apps.tv.launcherx,time:422;name:com.google.android.packageinstaller,time:283;name:com.vt.tv.tvcenter,time:2338;name:com.google.android.apps.tv.dreamx,time:649;name:com.yablio.sendfilestotv,time:1573;name:com.android.tv.settings,time:187;name:in.southstream.android,time:879;name:com.android.vending,time:683;name:com.webnexs.rod_tv,time:802, resolution=4K, eventCode=001010, Brand=vuz, ChipPlatform=his9603, Capabilitycode=2023070501, tvversion=V0000.01.00T.P0805, Version=3.0, DeviceMsg=55DL61Q0000184, CountryCode=IND, logstamp=170}
04-10 15:23:21.660   216   216 I lowmemorykiller: Kill 'com.google.android.packageinstaller' (19919), uid 10032, oom_score_adj 975 to free 38848kB rss, 23504kB swap; reason: low watermark is breached and swap is low (45292kB < 81916kB)
04-10 15:23:21.764   825  2714 I ActivityManager: Process com.google.android.packageinstaller (pid 19919) has died: cch+75 CEM 
[15:23:56] 🔴 CRASH: 04-10 15:08:42.518 20035 20069 E AndroidRuntime: FATAL EXCEPTION: mqt_native_modules
04-10 15:12:07.537 21811 21847 E AndroidRuntime: FATAL EXCEPTION: mqt_native_modules
[15:23:56] 🟡 STALL: 04-10 15:20:19.771  1605  1933 I LogReportUtils: The Exception map sent out is:{tvmode=2, Os=Android, Zone=5, eventPos=010, eventtime=1775814619, eventType=001, commonInfo=istest:0, extratop=name:com.google.android.apps.tv.launcherx,time:422;name:com.google.android.packageinstaller,time:283;name:com.vt.tv.tvcenter,time:2338;name:com.google.android.apps.tv.dreamx,time:649;name:com.yablio.sendfilestotv,time:1573;name:com.android.tv.settings,time:187;name:in.southstream.android,time:879;name:com.android.vending,time:683;name:com.webnexs.rod_tv,time:802, resolution=4K, eventCode=001010, Brand=vuz, ChipPlatform=his9603, Capabilitycode=2023070501, tvversion=V0000.01.00T.P0805, Version=3.0, DeviceMsg=55DL61Q0000184, CountryCode=IND, logstamp=170}
04-10 15:23:21.660   216   216 I lowmemorykiller: Kill 'com.google.android.packageinstaller' (19919), uid 10032, oom_score_adj 975 to free 38848kB rss, 23504kB swap; reason: low watermark is breached and swap is low (45292kB < 81916kB)
04-10 15:23:21.764   825  2714 I ActivityManager: Process com.google.android.packageinstaller (pid 19919) has died: cch+75 CEM 
[15:24:04] 🔴 CRASH: 04-10 15:08:42.518 20035 20069 E AndroidRuntime: FATAL EXCEPTION: mqt_native_modules
04-10 15:12:07.537 21811 21847 E AndroidRuntime: FATAL EXCEPTION: mqt_native_modules
[15:24:04] 🟡 STALL: 04-10 15:20:19.771  1605  1933 I LogReportUtils: The Exception map sent out is:{tvmode=2, Os=Android, Zone=5, eventPos=010, eventtime=1775814619, eventType=001, commonInfo=istest:0, extratop=name:com.google.android.apps.tv.launcherx,time:422;name:com.google.android.packageinstaller,time:283;name:com.vt.tv.tvcenter,time:2338;name:com.google.android.apps.tv.dreamx,time:649;name:com.yablio.sendfilestotv,time:1573;name:com.android.tv.settings,time:187;name:in.southstream.android,time:879;name:com.android.vending,time:683;name:com.webnexs.rod_tv,time:802, resolution=4K, eventCode=001010, Brand=vuz, ChipPlatform=his9603, Capabilitycode=2023070501, tvversion=V0000.01.00T.P0805, Version=3.0, DeviceMsg=55DL61Q0000184, CountryCode=IND, logstamp=170}
04-10 15:23:21.660   216   216 I lowmemorykiller: Kill 'com.google.android.packageinstaller' (19919), uid 10032, oom_score_adj 975 to free 38848kB rss, 23504kB swap; reason: low watermark is breached and swap is low (45292kB < 81916kB)
04-10 15:23:21.764   825  2714 I ActivityManager: Process com.google.android.packageinstaller (pid 19919) has died: cch+75 CEM 
[15:24:12] 🔴 CRASH: 04-10 15:08:42.518 20035 20069 E AndroidRuntime: FATAL EXCEPTION: mqt_native_modules
04-10 15:12:07.537 21811 21847 E AndroidRuntime: FATAL EXCEPTION: mqt_native_modules
[15:24:12] 🟡 STALL: 04-10 15:20:19.771  1605  1933 I LogReportUtils: The Exception map sent out is:{tvmode=2, Os=Android, Zone=5, eventPos=010, eventtime=1775814619, eventType=001, commonInfo=istest:0, extratop=name:com.google.android.apps.tv.launcherx,time:422;name:com.google.android.packageinstaller,time:283;name:com.vt.tv.tvcenter,time:2338;name:com.google.android.apps.tv.dreamx,time:649;name:com.yablio.sendfilestotv,time:1573;name:com.android.tv.settings,time:187;name:in.southstream.android,time:879;name:com.android.vending,time:683;name:com.webnexs.rod_tv,time:802, resolution=4K, eventCode=001010, Brand=vuz, ChipPlatform=his9603, Capabilitycode=2023070501, tvversion=V0000.01.00T.P0805, Version=3.0, DeviceMsg=55DL61Q0000184, CountryCode=IND, logstamp=170}
04-10 15:23:21.660   216   216 I lowmemorykiller: Kill 'com.google.android.packageinstaller' (19919), uid 10032, oom_score_adj 975 to free 38848kB rss, 23504kB swap; reason: low watermark is breached and swap is low (45292kB < 81916kB)
04-10 15:23:21.764   825  2714 I ActivityManager: Process com.google.android.packageinstaller (pid 19919) has died: cch+75 CEM 
[15:24:20] 🔴 CRASH: 04-10 15:08:42.518 20035 20069 E AndroidRuntime: FATAL EXCEPTION: mqt_native_modules
04-10 15:12:07.537 21811 21847 E AndroidRuntime: FATAL EXCEPTION: mqt_native_modules
[15:24:20] 🟡 STALL: 04-10 15:20:19.771  1605  1933 I LogReportUtils: The Exception map sent out is:{tvmode=2, Os=Android, Zone=5, eventPos=010, eventtime=1775814619, eventType=001, commonInfo=istest:0, extratop=name:com.google.android.apps.tv.launcherx,time:422;name:com.google.android.packageinstaller,time:283;name:com.vt.tv.tvcenter,time:2338;name:com.google.android.apps.tv.dreamx,time:649;name:com.yablio.sendfilestotv,time:1573;name:com.android.tv.settings,time:187;name:in.southstream.android,time:879;name:com.android.vending,time:683;name:com.webnexs.rod_tv,time:802, resolution=4K, eventCode=001010, Brand=vuz, ChipPlatform=his9603, Capabilitycode=2023070501, tvversion=V0000.01.00T.P0805, Version=3.0, DeviceMsg=55DL61Q0000184, CountryCode=IND, logstamp=170}
04-10 15:23:21.660   216   216 I lowmemorykiller: Kill 'com.google.android.packageinstaller' (19919), uid 10032, oom_score_adj 975 to free 38848kB rss, 23504kB swap; reason: low watermark is breached and swap is low (45292kB < 81916kB)
04-10 15:23:21.764   825  2714 I ActivityManager: Process com.google.android.packageinstaller (pid 19919) has died: cch+75 CEM 
[15:24:30] 🔴 CRASH: 04-10 15:08:42.518 20035 20069 E AndroidRuntime: FATAL EXCEPTION: mqt_native_modules
04-10 15:12:07.537 21811 21847 E AndroidRuntime: FATAL EXCEPTION: mqt_native_modules
[15:24:30] 🟡 STALL: 04-10 15:20:19.771  1605  1933 I LogReportUtils: The Exception map sent out is:{tvmode=2, Os=Android, Zone=5, eventPos=010, eventtime=1775814619, eventType=001, commonInfo=istest:0, extratop=name:com.google.android.apps.tv.launcherx,time:422;name:com.google.android.packageinstaller,time:283;name:com.vt.tv.tvcenter,time:2338;name:com.google.android.apps.tv.dreamx,time:649;name:com.yablio.sendfilestotv,time:1573;name:com.android.tv.settings,time:187;name:in.southstream.android,time:879;name:com.android.vending,time:683;name:com.webnexs.rod_tv,time:802, resolution=4K, eventCode=001010, Brand=vuz, ChipPlatform=his9603, Capabilitycode=2023070501, tvversion=V0000.01.00T.P0805, Version=3.0, DeviceMsg=55DL61Q0000184, CountryCode=IND, logstamp=170}
04-10 15:23:21.660   216   216 I lowmemorykiller: Kill 'com.google.android.packageinstaller' (19919), uid 10032, oom_score_adj 975 to free 38848kB rss, 23504kB swap; reason: low watermark is breached and swap is low (45292kB < 81916kB)
04-10 15:23:21.764   825  2714 I ActivityManager: Process com.google.android.packageinstaller (pid 19919) has died: cch+75 CEM 
[15:24:38] 🔴 CRASH: 04-10 15:08:42.518 20035 20069 E AndroidRuntime: FATAL EXCEPTION: mqt_native_modules
04-10 15:12:07.537 21811 21847 E AndroidRuntime: FATAL EXCEPTION: mqt_native_modules
[15:24:38] 🟡 STALL: 04-10 15:20:19.771  1605  1933 I LogReportUtils: The Exception map sent out is:{tvmode=2, Os=Android, Zone=5, eventPos=010, eventtime=1775814619, eventType=001, commonInfo=istest:0, extratop=name:com.google.android.apps.tv.launcherx,time:422;name:com.google.android.packageinstaller,time:283;name:com.vt.tv.tvcenter,time:2338;name:com.google.android.apps.tv.dreamx,time:649;name:com.yablio.sendfilestotv,time:1573;name:com.android.tv.settings,time:187;name:in.southstream.android,time:879;name:com.android.vending,time:683;name:com.webnexs.rod_tv,time:802, resolution=4K, eventCode=001010, Brand=vuz, ChipPlatform=his9603, Capabilitycode=2023070501, tvversion=V0000.01.00T.P0805, Version=3.0, DeviceMsg=55DL61Q0000184, CountryCode=IND, logstamp=170}
04-10 15:23:21.660   216   216 I lowmemorykiller: Kill 'com.google.android.packageinstaller' (19919), uid 10032, oom_score_adj 975 to free 38848kB rss, 23504kB swap; reason: low watermark is breached and swap is low (45292kB < 81916kB)
04-10 15:23:21.764   825  2714 I ActivityManager: Process com.google.android.packageinstaller (pid 19919) has died: cch+75 CEM 
[15:24:46] 🔴 CRASH: 04-10 15:08:42.518 20035 20069 E AndroidRuntime: FATAL EXCEPTION: mqt_native_modules
04-10 15:12:07.537 21811 21847 E AndroidRuntime: FATAL EXCEPTION: mqt_native_modules
[15:24:46] 🟡 STALL: 04-10 15:20:19.771  1605  1933 I LogReportUtils: The Exception map sent out is:{tvmode=2, Os=Android, Zone=5, eventPos=010, eventtime=1775814619, eventType=001, commonInfo=istest:0, extratop=name:com.google.android.apps.tv.launcherx,time:422;name:com.google.android.packageinstaller,time:283;name:com.vt.tv.tvcenter,time:2338;name:com.google.android.apps.tv.dreamx,time:649;name:com.yablio.sendfilestotv,time:1573;name:com.android.tv.settings,time:187;name:in.southstream.android,time:879;name:com.android.vending,time:683;name:com.webnexs.rod_tv,time:802, resolution=4K, eventCode=001010, Brand=vuz, ChipPlatform=his9603, Capabilitycode=2023070501, tvversion=V0000.01.00T.P0805, Version=3.0, DeviceMsg=55DL61Q0000184, CountryCode=IND, logstamp=170}
04-10 15:23:21.660   216   216 I lowmemorykiller: Kill 'com.google.android.packageinstaller' (19919), uid 10032, oom_score_adj 975 to free 38848kB rss, 23504kB swap; reason: low watermark is breached and swap is low (45292kB < 81916kB)
04-10 15:23:21.764   825  2714 I ActivityManager: Process com.google.android.packageinstaller (pid 19919) has died: cch+75 CEM 
[15:24:54] 🔴 CRASH: 04-10 15:08:42.518 20035 20069 E AndroidRuntime: FATAL EXCEPTION: mqt_native_modules
04-10 15:12:07.537 21811 21847 E AndroidRuntime: FATAL EXCEPTION: mqt_native_modules
[15:24:54] 🟡 STALL: 04-10 15:20:19.771  1605  1933 I LogReportUtils: The Exception map sent out is:{tvmode=2, Os=Android, Zone=5, eventPos=010, eventtime=1775814619, eventType=001, commonInfo=istest:0, extratop=name:com.google.android.apps.tv.launcherx,time:422;name:com.google.android.packageinstaller,time:283;name:com.vt.tv.tvcenter,time:2338;name:com.google.android.apps.tv.dreamx,time:649;name:com.yablio.sendfilestotv,time:1573;name:com.android.tv.settings,time:187;name:in.southstream.android,time:879;name:com.android.vending,time:683;name:com.webnexs.rod_tv,time:802, resolution=4K, eventCode=001010, Brand=vuz, ChipPlatform=his9603, Capabilitycode=2023070501, tvversion=V0000.01.00T.P0805, Version=3.0, DeviceMsg=55DL61Q0000184, CountryCode=IND, logstamp=170}
04-10 15:23:21.660   216   216 I lowmemorykiller: Kill 'com.google.android.packageinstaller' (19919), uid 10032, oom_score_adj 975 to free 38848kB rss, 23504kB swap; reason: low watermark is breached and swap is low (45292kB < 81916kB)
04-10 15:23:21.764   825  2714 I ActivityManager: Process com.google.android.packageinstaller (pid 19919) has died: cch+75 CEM 
[15:25:02] 🔴 CRASH: 04-10 15:08:42.518 20035 20069 E AndroidRuntime: FATAL EXCEPTION: mqt_native_modules
04-10 15:12:07.537 21811 21847 E AndroidRuntime: FATAL EXCEPTION: mqt_native_modules
[15:25:02] 🟡 STALL: 04-10 15:20:19.771  1605  1933 I LogReportUtils: The Exception map sent out is:{tvmode=2, Os=Android, Zone=5, eventPos=010, eventtime=1775814619, eventType=001, commonInfo=istest:0, extratop=name:com.google.android.apps.tv.launcherx,time:422;name:com.google.android.packageinstaller,time:283;name:com.vt.tv.tvcenter,time:2338;name:com.google.android.apps.tv.dreamx,time:649;name:com.yablio.sendfilestotv,time:1573;name:com.android.tv.settings,time:187;name:in.southstream.android,time:879;name:com.android.vending,time:683;name:com.webnexs.rod_tv,time:802, resolution=4K, eventCode=001010, Brand=vuz, ChipPlatform=his9603, Capabilitycode=2023070501, tvversion=V0000.01.00T.P0805, Version=3.0, DeviceMsg=55DL61Q0000184, CountryCode=IND, logstamp=170}
04-10 15:23:21.660   216   216 I lowmemorykiller: Kill 'com.google.android.packageinstaller' (19919), uid 10032, oom_score_adj 975 to free 38848kB rss, 23504kB swap; reason: low watermark is breached and swap is low (45292kB < 81916kB)
04-10 15:23:21.764   825  2714 I ActivityManager: Process com.google.android.packageinstaller (pid 19919) has died: cch+75 CEM 
[15:25:11] 🔴 CRASH: 04-10 15:08:42.518 20035 20069 E AndroidRuntime: FATAL EXCEPTION: mqt_native_modules
04-10 15:12:07.537 21811 21847 E AndroidRuntime: FATAL EXCEPTION: mqt_native_modules
[15:25:11] 🟡 STALL: 04-10 15:20:19.771  1605  1933 I LogReportUtils: The Exception map sent out is:{tvmode=2, Os=Android, Zone=5, eventPos=010, eventtime=1775814619, eventType=001, commonInfo=istest:0, extratop=name:com.google.android.apps.tv.launcherx,time:422;name:com.google.android.packageinstaller,time:283;name:com.vt.tv.tvcenter,time:2338;name:com.google.android.apps.tv.dreamx,time:649;name:com.yablio.sendfilestotv,time:1573;name:com.android.tv.settings,time:187;name:in.southstream.android,time:879;name:com.android.vending,time:683;name:com.webnexs.rod_tv,time:802, resolution=4K, eventCode=001010, Brand=vuz, ChipPlatform=his9603, Capabilitycode=2023070501, tvversion=V0000.01.00T.P0805, Version=3.0, DeviceMsg=55DL61Q0000184, CountryCode=IND, logstamp=170}
04-10 15:23:21.660   216   216 I lowmemorykiller: Kill 'com.google.android.packageinstaller' (19919), uid 10032, oom_score_adj 975 to free 38848kB rss, 23504kB swap; reason: low watermark is breached and swap is low (45292kB < 81916kB)
04-10 15:23:21.764   825  2714 I ActivityManager: Process com.google.android.packageinstaller (pid 19919) has died: cch+75 CEM 
[15:25:19] 🔴 CRASH: 04-10 15:08:42.518 20035 20069 E AndroidRuntime: FATAL EXCEPTION: mqt_native_modules
04-10 15:12:07.537 21811 21847 E AndroidRuntime: FATAL EXCEPTION: mqt_native_modules
[15:25:19] 🟡 STALL: 04-10 15:20:19.771  1605  1933 I LogReportUtils: The Exception map sent out is:{tvmode=2, Os=Android, Zone=5, eventPos=010, eventtime=1775814619, eventType=001, commonInfo=istest:0, extratop=name:com.google.android.apps.tv.launcherx,time:422;name:com.google.android.packageinstaller,time:283;name:com.vt.tv.tvcenter,time:2338;name:com.google.android.apps.tv.dreamx,time:649;name:com.yablio.sendfilestotv,time:1573;name:com.android.tv.settings,time:187;name:in.southstream.android,time:879;name:com.android.vending,time:683;name:com.webnexs.rod_tv,time:802, resolution=4K, eventCode=001010, Brand=vuz, ChipPlatform=his9603, Capabilitycode=2023070501, tvversion=V0000.01.00T.P0805, Version=3.0, DeviceMsg=55DL61Q0000184, CountryCode=IND, logstamp=170}
04-10 15:23:21.660   216   216 I lowmemorykiller: Kill 'com.google.android.packageinstaller' (19919), uid 10032, oom_score_adj 975 to free 38848kB rss, 23504kB swap; reason: low watermark is breached and swap is low (45292kB < 81916kB)
04-10 15:23:21.764   825  2714 I ActivityManager: Process com.google.android.packageinstaller (pid 19919) has died: cch+75 CEM 
[15:25:28] 🔴 CRASH: 04-10 15:08:42.518 20035 20069 E AndroidRuntime: FATAL EXCEPTION: mqt_native_modules
04-10 15:12:07.537 21811 21847 E AndroidRuntime: FATAL EXCEPTION: mqt_native_modules
[15:25:28] 🟡 STALL: 04-10 15:20:19.771  1605  1933 I LogReportUtils: The Exception map sent out is:{tvmode=2, Os=Android, Zone=5, eventPos=010, eventtime=1775814619, eventType=001, commonInfo=istest:0, extratop=name:com.google.android.apps.tv.launcherx,time:422;name:com.google.android.packageinstaller,time:283;name:com.vt.tv.tvcenter,time:2338;name:com.google.android.apps.tv.dreamx,time:649;name:com.yablio.sendfilestotv,time:1573;name:com.android.tv.settings,time:187;name:in.southstream.android,time:879;name:com.android.vending,time:683;name:com.webnexs.rod_tv,time:802, resolution=4K, eventCode=001010, Brand=vuz, ChipPlatform=his9603, Capabilitycode=2023070501, tvversion=V0000.01.00T.P0805, Version=3.0, DeviceMsg=55DL61Q0000184, CountryCode=IND, logstamp=170}
04-10 15:23:21.660   216   216 I lowmemorykiller: Kill 'com.google.android.packageinstaller' (19919), uid 10032, oom_score_adj 975 to free 38848kB rss, 23504kB swap; reason: low watermark is breached and swap is low (45292kB < 81916kB)
04-10 15:23:21.764   825  2714 I ActivityManager: Process com.google.android.packageinstaller (pid 19919) has died: cch+75 CEM 
[15:25:36] 🔴 CRASH: 04-10 15:08:42.518 20035 20069 E AndroidRuntime: FATAL EXCEPTION: mqt_native_modules
04-10 15:12:07.537 21811 21847 E AndroidRuntime: FATAL EXCEPTION: mqt_native_modules
[15:25:36] 🟡 STALL: 04-10 15:20:19.771  1605  1933 I LogReportUtils: The Exception map sent out is:{tvmode=2, Os=Android, Zone=5, eventPos=010, eventtime=1775814619, eventType=001, commonInfo=istest:0, extratop=name:com.google.android.apps.tv.launcherx,time:422;name:com.google.android.packageinstaller,time:283;name:com.vt.tv.tvcenter,time:2338;name:com.google.android.apps.tv.dreamx,time:649;name:com.yablio.sendfilestotv,time:1573;name:com.android.tv.settings,time:187;name:in.southstream.android,time:879;name:com.android.vending,time:683;name:com.webnexs.rod_tv,time:802, resolution=4K, eventCode=001010, Brand=vuz, ChipPlatform=his9603, Capabilitycode=2023070501, tvversion=V0000.01.00T.P0805, Version=3.0, DeviceMsg=55DL61Q0000184, CountryCode=IND, logstamp=170}
04-10 15:23:21.660   216   216 I lowmemorykiller: Kill 'com.google.android.packageinstaller' (19919), uid 10032, oom_score_adj 975 to free 38848kB rss, 23504kB swap; reason: low watermark is breached and swap is low (45292kB < 81916kB)
04-10 15:23:21.764   825  2714 I ActivityManager: Process com.google.android.packageinstaller (pid 19919) has died: cch+75 CEM 
[15:25:43] 🔴 CRASH: 04-10 15:08:42.518 20035 20069 E AndroidRuntime: FATAL EXCEPTION: mqt_native_modules
04-10 15:12:07.537 21811 21847 E AndroidRuntime: FATAL EXCEPTION: mqt_native_modules
[15:25:43] 🟡 STALL: 04-10 15:20:19.771  1605  1933 I LogReportUtils: The Exception map sent out is:{tvmode=2, Os=Android, Zone=5, eventPos=010, eventtime=1775814619, eventType=001, commonInfo=istest:0, extratop=name:com.google.android.apps.tv.launcherx,time:422;name:com.google.android.packageinstaller,time:283;name:com.vt.tv.tvcenter,time:2338;name:com.google.android.apps.tv.dreamx,time:649;name:com.yablio.sendfilestotv,time:1573;name:com.android.tv.settings,time:187;name:in.southstream.android,time:879;name:com.android.vending,time:683;name:com.webnexs.rod_tv,time:802, resolution=4K, eventCode=001010, Brand=vuz, ChipPlatform=his9603, Capabilitycode=2023070501, tvversion=V0000.01.00T.P0805, Version=3.0, DeviceMsg=55DL61Q0000184, CountryCode=IND, logstamp=170}
04-10 15:23:21.660   216   216 I lowmemorykiller: Kill 'com.google.android.packageinstaller' (19919), uid 10032, oom_score_adj 975 to free 38848kB rss, 23504kB swap; reason: low watermark is breached and swap is low (45292kB < 81916kB)
04-10 15:23:21.764   825  2714 I ActivityManager: Process com.google.android.packageinstaller (pid 19919) has died: cch+75 CEM 
[15:25:52] 🔴 CRASH: 04-10 15:08:42.518 20035 20069 E AndroidRuntime: FATAL EXCEPTION: mqt_native_modules
04-10 15:12:07.537 21811 21847 E AndroidRuntime: FATAL EXCEPTION: mqt_native_modules
[15:25:52] 🟡 STALL: 04-10 15:20:19.771  1605  1933 I LogReportUtils: The Exception map sent out is:{tvmode=2, Os=Android, Zone=5, eventPos=010, eventtime=1775814619, eventType=001, commonInfo=istest:0, extratop=name:com.google.android.apps.tv.launcherx,time:422;name:com.google.android.packageinstaller,time:283;name:com.vt.tv.tvcenter,time:2338;name:com.google.android.apps.tv.dreamx,time:649;name:com.yablio.sendfilestotv,time:1573;name:com.android.tv.settings,time:187;name:in.southstream.android,time:879;name:com.android.vending,time:683;name:com.webnexs.rod_tv,time:802, resolution=4K, eventCode=001010, Brand=vuz, ChipPlatform=his9603, Capabilitycode=2023070501, tvversion=V0000.01.00T.P0805, Version=3.0, DeviceMsg=55DL61Q0000184, CountryCode=IND, logstamp=170}
04-10 15:23:21.660   216   216 I lowmemorykiller: Kill 'com.google.android.packageinstaller' (19919), uid 10032, oom_score_adj 975 to free 38848kB rss, 23504kB swap; reason: low watermark is breached and swap is low (45292kB < 81916kB)
04-10 15:23:21.764   825  2714 I ActivityManager: Process com.google.android.packageinstaller (pid 19919) has died: cch+75 CEM 
[15:26:00] 🔴 CRASH: 04-10 15:08:42.518 20035 20069 E AndroidRuntime: FATAL EXCEPTION: mqt_native_modules
04-10 15:12:07.537 21811 21847 E AndroidRuntime: FATAL EXCEPTION: mqt_native_modules
[15:26:00] 🟡 STALL: 04-10 15:20:19.771  1605  1933 I LogReportUtils: The Exception map sent out is:{tvmode=2, Os=Android, Zone=5, eventPos=010, eventtime=1775814619, eventType=001, commonInfo=istest:0, extratop=name:com.google.android.apps.tv.launcherx,time:422;name:com.google.android.packageinstaller,time:283;name:com.vt.tv.tvcenter,time:2338;name:com.google.android.apps.tv.dreamx,time:649;name:com.yablio.sendfilestotv,time:1573;name:com.android.tv.settings,time:187;name:in.southstream.android,time:879;name:com.android.vending,time:683;name:com.webnexs.rod_tv,time:802, resolution=4K, eventCode=001010, Brand=vuz, ChipPlatform=his9603, Capabilitycode=2023070501, tvversion=V0000.01.00T.P0805, Version=3.0, DeviceMsg=55DL61Q0000184, CountryCode=IND, logstamp=170}
04-10 15:23:21.660   216   216 I lowmemorykiller: Kill 'com.google.android.packageinstaller' (19919), uid 10032, oom_score_adj 975 to free 38848kB rss, 23504kB swap; reason: low watermark is breached and swap is low (45292kB < 81916kB)
04-10 15:23:21.764   825  2714 I ActivityManager: Process com.google.android.packageinstaller (pid 19919) has died: cch+75 CEM 
[15:26:08] 🔴 CRASH: 04-10 15:08:42.518 20035 20069 E AndroidRuntime: FATAL EXCEPTION: mqt_native_modules
04-10 15:12:07.537 21811 21847 E AndroidRuntime: FATAL EXCEPTION: mqt_native_modules
[15:26:08] 🟡 STALL: 04-10 15:20:19.771  1605  1933 I LogReportUtils: The Exception map sent out is:{tvmode=2, Os=Android, Zone=5, eventPos=010, eventtime=1775814619, eventType=001, commonInfo=istest:0, extratop=name:com.google.android.apps.tv.launcherx,time:422;name:com.google.android.packageinstaller,time:283;name:com.vt.tv.tvcenter,time:2338;name:com.google.android.apps.tv.dreamx,time:649;name:com.yablio.sendfilestotv,time:1573;name:com.android.tv.settings,time:187;name:in.southstream.android,time:879;name:com.android.vending,time:683;name:com.webnexs.rod_tv,time:802, resolution=4K, eventCode=001010, Brand=vuz, ChipPlatform=his9603, Capabilitycode=2023070501, tvversion=V0000.01.00T.P0805, Version=3.0, DeviceMsg=55DL61Q0000184, CountryCode=IND, logstamp=170}
04-10 15:23:21.660   216   216 I lowmemorykiller: Kill 'com.google.android.packageinstaller' (19919), uid 10032, oom_score_adj 975 to free 38848kB rss, 23504kB swap; reason: low watermark is breached and swap is low (45292kB < 81916kB)
04-10 15:23:21.764   825  2714 I ActivityManager: Process com.google.android.packageinstaller (pid 19919) has died: cch+75 CEM 
[15:26:17] 🔴 CRASH: 04-10 15:08:42.518 20035 20069 E AndroidRuntime: FATAL EXCEPTION: mqt_native_modules
04-10 15:12:07.537 21811 21847 E AndroidRuntime: FATAL EXCEPTION: mqt_native_modules
[15:26:17] 🟡 STALL: 04-10 15:20:19.771  1605  1933 I LogReportUtils: The Exception map sent out is:{tvmode=2, Os=Android, Zone=5, eventPos=010, eventtime=1775814619, eventType=001, commonInfo=istest:0, extratop=name:com.google.android.apps.tv.launcherx,time:422;name:com.google.android.packageinstaller,time:283;name:com.vt.tv.tvcenter,time:2338;name:com.google.android.apps.tv.dreamx,time:649;name:com.yablio.sendfilestotv,time:1573;name:com.android.tv.settings,time:187;name:in.southstream.android,time:879;name:com.android.vending,time:683;name:com.webnexs.rod_tv,time:802, resolution=4K, eventCode=001010, Brand=vuz, ChipPlatform=his9603, Capabilitycode=2023070501, tvversion=V0000.01.00T.P0805, Version=3.0, DeviceMsg=55DL61Q0000184, CountryCode=IND, logstamp=170}
04-10 15:23:21.660   216   216 I lowmemorykiller: Kill 'com.google.android.packageinstaller' (19919), uid 10032, oom_score_adj 975 to free 38848kB rss, 23504kB swap; reason: low watermark is breached and swap is low (45292kB < 81916kB)
04-10 15:23:21.764   825  2714 I ActivityManager: Process com.google.android.packageinstaller (pid 19919) has died: cch+75 CEM 
[15:26:25] 🔴 CRASH: 04-10 15:08:42.518 20035 20069 E AndroidRuntime: FATAL EXCEPTION: mqt_native_modules
04-10 15:12:07.537 21811 21847 E AndroidRuntime: FATAL EXCEPTION: mqt_native_modules
[15:26:25] 🟡 STALL: 04-10 15:20:19.771  1605  1933 I LogReportUtils: The Exception map sent out is:{tvmode=2, Os=Android, Zone=5, eventPos=010, eventtime=1775814619, eventType=001, commonInfo=istest:0, extratop=name:com.google.android.apps.tv.launcherx,time:422;name:com.google.android.packageinstaller,time:283;name:com.vt.tv.tvcenter,time:2338;name:com.google.android.apps.tv.dreamx,time:649;name:com.yablio.sendfilestotv,time:1573;name:com.android.tv.settings,time:187;name:in.southstream.android,time:879;name:com.android.vending,time:683;name:com.webnexs.rod_tv,time:802, resolution=4K, eventCode=001010, Brand=vuz, ChipPlatform=his9603, Capabilitycode=2023070501, tvversion=V0000.01.00T.P0805, Version=3.0, DeviceMsg=55DL61Q0000184, CountryCode=IND, logstamp=170}
04-10 15:23:21.660   216   216 I lowmemorykiller: Kill 'com.google.android.packageinstaller' (19919), uid 10032, oom_score_adj 975 to free 38848kB rss, 23504kB swap; reason: low watermark is breached and swap is low (45292kB < 81916kB)
04-10 15:23:21.764   825  2714 I ActivityManager: Process com.google.android.packageinstaller (pid 19919) has died: cch+75 CEM 
[15:26:33] 🔴 CRASH: 04-10 15:08:42.518 20035 20069 E AndroidRuntime: FATAL EXCEPTION: mqt_native_modules
04-10 15:12:07.537 21811 21847 E AndroidRuntime: FATAL EXCEPTION: mqt_native_modules
[15:26:33] 🟡 STALL: 04-10 15:20:19.771  1605  1933 I LogReportUtils: The Exception map sent out is:{tvmode=2, Os=Android, Zone=5, eventPos=010, eventtime=1775814619, eventType=001, commonInfo=istest:0, extratop=name:com.google.android.apps.tv.launcherx,time:422;name:com.google.android.packageinstaller,time:283;name:com.vt.tv.tvcenter,time:2338;name:com.google.android.apps.tv.dreamx,time:649;name:com.yablio.sendfilestotv,time:1573;name:com.android.tv.settings,time:187;name:in.southstream.android,time:879;name:com.android.vending,time:683;name:com.webnexs.rod_tv,time:802, resolution=4K, eventCode=001010, Brand=vuz, ChipPlatform=his9603, Capabilitycode=2023070501, tvversion=V0000.01.00T.P0805, Version=3.0, DeviceMsg=55DL61Q0000184, CountryCode=IND, logstamp=170}
04-10 15:23:21.660   216   216 I lowmemorykiller: Kill 'com.google.android.packageinstaller' (19919), uid 10032, oom_score_adj 975 to free 38848kB rss, 23504kB swap; reason: low watermark is breached and swap is low (45292kB < 81916kB)
04-10 15:23:21.764   825  2714 I ActivityManager: Process com.google.android.packageinstaller (pid 19919) has died: cch+75 CEM 
[15:26:41] 🔴 CRASH: 04-10 15:08:42.518 20035 20069 E AndroidRuntime: FATAL EXCEPTION: mqt_native_modules
04-10 15:12:07.537 21811 21847 E AndroidRuntime: FATAL EXCEPTION: mqt_native_modules
[15:26:41] 🟡 STALL: 04-10 15:20:19.771  1605  1933 I LogReportUtils: The Exception map sent out is:{tvmode=2, Os=Android, Zone=5, eventPos=010, eventtime=1775814619, eventType=001, commonInfo=istest:0, extratop=name:com.google.android.apps.tv.launcherx,time:422;name:com.google.android.packageinstaller,time:283;name:com.vt.tv.tvcenter,time:2338;name:com.google.android.apps.tv.dreamx,time:649;name:com.yablio.sendfilestotv,time:1573;name:com.android.tv.settings,time:187;name:in.southstream.android,time:879;name:com.android.vending,time:683;name:com.webnexs.rod_tv,time:802, resolution=4K, eventCode=001010, Brand=vuz, ChipPlatform=his9603, Capabilitycode=2023070501, tvversion=V0000.01.00T.P0805, Version=3.0, DeviceMsg=55DL61Q0000184, CountryCode=IND, logstamp=170}
04-10 15:23:21.660   216   216 I lowmemorykiller: Kill 'com.google.android.packageinstaller' (19919), uid 10032, oom_score_adj 975 to free 38848kB rss, 23504kB swap; reason: low watermark is breached and swap is low (45292kB < 81916kB)
04-10 15:23:21.764   825  2714 I ActivityManager: Process com.google.android.packageinstaller (pid 19919) has died: cch+75 CEM 
[15:26:49] 🔴 CRASH: 04-10 15:08:42.518 20035 20069 E AndroidRuntime: FATAL EXCEPTION: mqt_native_modules
04-10 15:12:07.537 21811 21847 E AndroidRuntime: FATAL EXCEPTION: mqt_native_modules
[15:26:49] 🟡 STALL: 04-10 15:20:19.771  1605  1933 I LogReportUtils: The Exception map sent out is:{tvmode=2, Os=Android, Zone=5, eventPos=010, eventtime=1775814619, eventType=001, commonInfo=istest:0, extratop=name:com.google.android.apps.tv.launcherx,time:422;name:com.google.android.packageinstaller,time:283;name:com.vt.tv.tvcenter,time:2338;name:com.google.android.apps.tv.dreamx,time:649;name:com.yablio.sendfilestotv,time:1573;name:com.android.tv.settings,time:187;name:in.southstream.android,time:879;name:com.android.vending,time:683;name:com.webnexs.rod_tv,time:802, resolution=4K, eventCode=001010, Brand=vuz, ChipPlatform=his9603, Capabilitycode=2023070501, tvversion=V0000.01.00T.P0805, Version=3.0, DeviceMsg=55DL61Q0000184, CountryCode=IND, logstamp=170}
04-10 15:23:21.660   216   216 I lowmemorykiller: Kill 'com.google.android.packageinstaller' (19919), uid 10032, oom_score_adj 975 to free 38848kB rss, 23504kB swap; reason: low watermark is breached and swap is low (45292kB < 81916kB)
04-10 15:23:21.764   825  2714 I ActivityManager: Process com.google.android.packageinstaller (pid 19919) has died: cch+75 CEM 
[15:26:58] 🔴 CRASH: 04-10 15:08:42.518 20035 20069 E AndroidRuntime: FATAL EXCEPTION: mqt_native_modules
04-10 15:12:07.537 21811 21847 E AndroidRuntime: FATAL EXCEPTION: mqt_native_modules
[15:26:58] 🟡 STALL: 04-10 15:20:19.771  1605  1933 I LogReportUtils: The Exception map sent out is:{tvmode=2, Os=Android, Zone=5, eventPos=010, eventtime=1775814619, eventType=001, commonInfo=istest:0, extratop=name:com.google.android.apps.tv.launcherx,time:422;name:com.google.android.packageinstaller,time:283;name:com.vt.tv.tvcenter,time:2338;name:com.google.android.apps.tv.dreamx,time:649;name:com.yablio.sendfilestotv,time:1573;name:com.android.tv.settings,time:187;name:in.southstream.android,time:879;name:com.android.vending,time:683;name:com.webnexs.rod_tv,time:802, resolution=4K, eventCode=001010, Brand=vuz, ChipPlatform=his9603, Capabilitycode=2023070501, tvversion=V0000.01.00T.P0805, Version=3.0, DeviceMsg=55DL61Q0000184, CountryCode=IND, logstamp=170}
04-10 15:23:21.660   216   216 I lowmemorykiller: Kill 'com.google.android.packageinstaller' (19919), uid 10032, oom_score_adj 975 to free 38848kB rss, 23504kB swap; reason: low watermark is breached and swap is low (45292kB < 81916kB)
04-10 15:23:21.764   825  2714 I ActivityManager: Process com.google.android.packageinstaller (pid 19919) has died: cch+75 CEM 
[15:27:06] 🔴 CRASH: 04-10 15:08:42.518 20035 20069 E AndroidRuntime: FATAL EXCEPTION: mqt_native_modules
04-10 15:12:07.537 21811 21847 E AndroidRuntime: FATAL EXCEPTION: mqt_native_modules
[15:27:06] 🟡 STALL: 04-10 15:20:19.771  1605  1933 I LogReportUtils: The Exception map sent out is:{tvmode=2, Os=Android, Zone=5, eventPos=010, eventtime=1775814619, eventType=001, commonInfo=istest:0, extratop=name:com.google.android.apps.tv.launcherx,time:422;name:com.google.android.packageinstaller,time:283;name:com.vt.tv.tvcenter,time:2338;name:com.google.android.apps.tv.dreamx,time:649;name:com.yablio.sendfilestotv,time:1573;name:com.android.tv.settings,time:187;name:in.southstream.android,time:879;name:com.android.vending,time:683;name:com.webnexs.rod_tv,time:802, resolution=4K, eventCode=001010, Brand=vuz, ChipPlatform=his9603, Capabilitycode=2023070501, tvversion=V0000.01.00T.P0805, Version=3.0, DeviceMsg=55DL61Q0000184, CountryCode=IND, logstamp=170}
04-10 15:23:21.660   216   216 I lowmemorykiller: Kill 'com.google.android.packageinstaller' (19919), uid 10032, oom_score_adj 975 to free 38848kB rss, 23504kB swap; reason: low watermark is breached and swap is low (45292kB < 81916kB)
04-10 15:23:21.764   825  2714 I ActivityManager: Process com.google.android.packageinstaller (pid 19919) has died: cch+75 CEM 
[15:27:14] 🔴 CRASH: 04-10 15:08:42.518 20035 20069 E AndroidRuntime: FATAL EXCEPTION: mqt_native_modules
04-10 15:12:07.537 21811 21847 E AndroidRuntime: FATAL EXCEPTION: mqt_native_modules
[15:27:14] 🟡 STALL: 04-10 15:20:19.771  1605  1933 I LogReportUtils: The Exception map sent out is:{tvmode=2, Os=Android, Zone=5, eventPos=010, eventtime=1775814619, eventType=001, commonInfo=istest:0, extratop=name:com.google.android.apps.tv.launcherx,time:422;name:com.google.android.packageinstaller,time:283;name:com.vt.tv.tvcenter,time:2338;name:com.google.android.apps.tv.dreamx,time:649;name:com.yablio.sendfilestotv,time:1573;name:com.android.tv.settings,time:187;name:in.southstream.android,time:879;name:com.android.vending,time:683;name:com.webnexs.rod_tv,time:802, resolution=4K, eventCode=001010, Brand=vuz, ChipPlatform=his9603, Capabilitycode=2023070501, tvversion=V0000.01.00T.P0805, Version=3.0, DeviceMsg=55DL61Q0000184, CountryCode=IND, logstamp=170}
04-10 15:23:21.660   216   216 I lowmemorykiller: Kill 'com.google.android.packageinstaller' (19919), uid 10032, oom_score_adj 975 to free 38848kB rss, 23504kB swap; reason: low watermark is breached and swap is low (45292kB < 81916kB)
04-10 15:23:21.764   825  2714 I ActivityManager: Process com.google.android.packageinstaller (pid 19919) has died: cch+75 CEM 
[15:27:22] 🔴 CRASH: 04-10 15:08:42.518 20035 20069 E AndroidRuntime: FATAL EXCEPTION: mqt_native_modules
04-10 15:12:07.537 21811 21847 E AndroidRuntime: FATAL EXCEPTION: mqt_native_modules
[15:27:22] 🟡 STALL: 04-10 15:20:19.771  1605  1933 I LogReportUtils: The Exception map sent out is:{tvmode=2, Os=Android, Zone=5, eventPos=010, eventtime=1775814619, eventType=001, commonInfo=istest:0, extratop=name:com.google.android.apps.tv.launcherx,time:422;name:com.google.android.packageinstaller,time:283;name:com.vt.tv.tvcenter,time:2338;name:com.google.android.apps.tv.dreamx,time:649;name:com.yablio.sendfilestotv,time:1573;name:com.android.tv.settings,time:187;name:in.southstream.android,time:879;name:com.android.vending,time:683;name:com.webnexs.rod_tv,time:802, resolution=4K, eventCode=001010, Brand=vuz, ChipPlatform=his9603, Capabilitycode=2023070501, tvversion=V0000.01.00T.P0805, Version=3.0, DeviceMsg=55DL61Q0000184, CountryCode=IND, logstamp=170}
04-10 15:23:21.660   216   216 I lowmemorykiller: Kill 'com.google.android.packageinstaller' (19919), uid 10032, oom_score_adj 975 to free 38848kB rss, 23504kB swap; reason: low watermark is breached and swap is low (45292kB < 81916kB)
04-10 15:23:21.764   825  2714 I ActivityManager: Process com.google.android.packageinstaller (pid 19919) has died: cch+75 CEM 
[15:27:31] 🔴 CRASH: 04-10 15:08:42.518 20035 20069 E AndroidRuntime: FATAL EXCEPTION: mqt_native_modules
04-10 15:12:07.537 21811 21847 E AndroidRuntime: FATAL EXCEPTION: mqt_native_modules
[15:27:31] 🟡 STALL: 04-10 15:20:19.771  1605  1933 I LogReportUtils: The Exception map sent out is:{tvmode=2, Os=Android, Zone=5, eventPos=010, eventtime=1775814619, eventType=001, commonInfo=istest:0, extratop=name:com.google.android.apps.tv.launcherx,time:422;name:com.google.android.packageinstaller,time:283;name:com.vt.tv.tvcenter,time:2338;name:com.google.android.apps.tv.dreamx,time:649;name:com.yablio.sendfilestotv,time:1573;name:com.android.tv.settings,time:187;name:in.southstream.android,time:879;name:com.android.vending,time:683;name:com.webnexs.rod_tv,time:802, resolution=4K, eventCode=001010, Brand=vuz, ChipPlatform=his9603, Capabilitycode=2023070501, tvversion=V0000.01.00T.P0805, Version=3.0, DeviceMsg=55DL61Q0000184, CountryCode=IND, logstamp=170}
04-10 15:23:21.660   216   216 I lowmemorykiller: Kill 'com.google.android.packageinstaller' (19919), uid 10032, oom_score_adj 975 to free 38848kB rss, 23504kB swap; reason: low watermark is breached and swap is low (45292kB < 81916kB)
04-10 15:23:21.764   825  2714 I ActivityManager: Process com.google.android.packageinstaller (pid 19919) has died: cch+75 CEM 
[15:27:40] 🔴 CRASH: 04-10 15:08:42.518 20035 20069 E AndroidRuntime: FATAL EXCEPTION: mqt_native_modules
04-10 15:12:07.537 21811 21847 E AndroidRuntime: FATAL EXCEPTION: mqt_native_modules
[15:27:40] 🟡 STALL: 04-10 15:20:19.771  1605  1933 I LogReportUtils: The Exception map sent out is:{tvmode=2, Os=Android, Zone=5, eventPos=010, eventtime=1775814619, eventType=001, commonInfo=istest:0, extratop=name:com.google.android.apps.tv.launcherx,time:422;name:com.google.android.packageinstaller,time:283;name:com.vt.tv.tvcenter,time:2338;name:com.google.android.apps.tv.dreamx,time:649;name:com.yablio.sendfilestotv,time:1573;name:com.android.tv.settings,time:187;name:in.southstream.android,time:879;name:com.android.vending,time:683;name:com.webnexs.rod_tv,time:802, resolution=4K, eventCode=001010, Brand=vuz, ChipPlatform=his9603, Capabilitycode=2023070501, tvversion=V0000.01.00T.P0805, Version=3.0, DeviceMsg=55DL61Q0000184, CountryCode=IND, logstamp=170}
04-10 15:23:21.660   216   216 I lowmemorykiller: Kill 'com.google.android.packageinstaller' (19919), uid 10032, oom_score_adj 975 to free 38848kB rss, 23504kB swap; reason: low watermark is breached and swap is low (45292kB < 81916kB)
04-10 15:23:21.764   825  2714 I ActivityManager: Process com.google.android.packageinstaller (pid 19919) has died: cch+75 CEM 
[15:27:48] 🔴 CRASH: 04-10 15:08:42.518 20035 20069 E AndroidRuntime: FATAL EXCEPTION: mqt_native_modules
04-10 15:12:07.537 21811 21847 E AndroidRuntime: FATAL EXCEPTION: mqt_native_modules
[15:27:48] 🟡 STALL: 04-10 15:20:19.771  1605  1933 I LogReportUtils: The Exception map sent out is:{tvmode=2, Os=Android, Zone=5, eventPos=010, eventtime=1775814619, eventType=001, commonInfo=istest:0, extratop=name:com.google.android.apps.tv.launcherx,time:422;name:com.google.android.packageinstaller,time:283;name:com.vt.tv.tvcenter,time:2338;name:com.google.android.apps.tv.dreamx,time:649;name:com.yablio.sendfilestotv,time:1573;name:com.android.tv.settings,time:187;name:in.southstream.android,time:879;name:com.android.vending,time:683;name:com.webnexs.rod_tv,time:802, resolution=4K, eventCode=001010, Brand=vuz, ChipPlatform=his9603, Capabilitycode=2023070501, tvversion=V0000.01.00T.P0805, Version=3.0, DeviceMsg=55DL61Q0000184, CountryCode=IND, logstamp=170}
04-10 15:23:21.660   216   216 I lowmemorykiller: Kill 'com.google.android.packageinstaller' (19919), uid 10032, oom_score_adj 975 to free 38848kB rss, 23504kB swap; reason: low watermark is breached and swap is low (45292kB < 81916kB)
04-10 15:23:21.764   825  2714 I ActivityManager: Process com.google.android.packageinstaller (pid 19919) has died: cch+75 CEM 
[15:27:56] 🔴 CRASH: 04-10 15:08:42.518 20035 20069 E AndroidRuntime: FATAL EXCEPTION: mqt_native_modules
04-10 15:12:07.537 21811 21847 E AndroidRuntime: FATAL EXCEPTION: mqt_native_modules
[15:27:56] 🟡 STALL: 04-10 15:20:19.771  1605  1933 I LogReportUtils: The Exception map sent out is:{tvmode=2, Os=Android, Zone=5, eventPos=010, eventtime=1775814619, eventType=001, commonInfo=istest:0, extratop=name:com.google.android.apps.tv.launcherx,time:422;name:com.google.android.packageinstaller,time:283;name:com.vt.tv.tvcenter,time:2338;name:com.google.android.apps.tv.dreamx,time:649;name:com.yablio.sendfilestotv,time:1573;name:com.android.tv.settings,time:187;name:in.southstream.android,time:879;name:com.android.vending,time:683;name:com.webnexs.rod_tv,time:802, resolution=4K, eventCode=001010, Brand=vuz, ChipPlatform=his9603, Capabilitycode=2023070501, tvversion=V0000.01.00T.P0805, Version=3.0, DeviceMsg=55DL61Q0000184, CountryCode=IND, logstamp=170}
04-10 15:23:21.660   216   216 I lowmemorykiller: Kill 'com.google.android.packageinstaller' (19919), uid 10032, oom_score_adj 975 to free 38848kB rss, 23504kB swap; reason: low watermark is breached and swap is low (45292kB < 81916kB)
04-10 15:23:21.764   825  2714 I ActivityManager: Process com.google.android.packageinstaller (pid 19919) has died: cch+75 CEM 
[15:28:05] 🔴 CRASH: 04-10 15:08:42.518 20035 20069 E AndroidRuntime: FATAL EXCEPTION: mqt_native_modules
04-10 15:12:07.537 21811 21847 E AndroidRuntime: FATAL EXCEPTION: mqt_native_modules
[15:28:05] 🟡 STALL: 04-10 15:20:19.771  1605  1933 I LogReportUtils: The Exception map sent out is:{tvmode=2, Os=Android, Zone=5, eventPos=010, eventtime=1775814619, eventType=001, commonInfo=istest:0, extratop=name:com.google.android.apps.tv.launcherx,time:422;name:com.google.android.packageinstaller,time:283;name:com.vt.tv.tvcenter,time:2338;name:com.google.android.apps.tv.dreamx,time:649;name:com.yablio.sendfilestotv,time:1573;name:com.android.tv.settings,time:187;name:in.southstream.android,time:879;name:com.android.vending,time:683;name:com.webnexs.rod_tv,time:802, resolution=4K, eventCode=001010, Brand=vuz, ChipPlatform=his9603, Capabilitycode=2023070501, tvversion=V0000.01.00T.P0805, Version=3.0, DeviceMsg=55DL61Q0000184, CountryCode=IND, logstamp=170}
04-10 15:23:21.660   216   216 I lowmemorykiller: Kill 'com.google.android.packageinstaller' (19919), uid 10032, oom_score_adj 975 to free 38848kB rss, 23504kB swap; reason: low watermark is breached and swap is low (45292kB < 81916kB)
04-10 15:23:21.764   825  2714 I ActivityManager: Process com.google.android.packageinstaller (pid 19919) has died: cch+75 CEM 
[15:28:13] 🔴 CRASH: 04-10 15:08:42.518 20035 20069 E AndroidRuntime: FATAL EXCEPTION: mqt_native_modules
04-10 15:12:07.537 21811 21847 E AndroidRuntime: FATAL EXCEPTION: mqt_native_modules
[15:28:13] 🟡 STALL: 04-10 15:20:19.771  1605  1933 I LogReportUtils: The Exception map sent out is:{tvmode=2, Os=Android, Zone=5, eventPos=010, eventtime=1775814619, eventType=001, commonInfo=istest:0, extratop=name:com.google.android.apps.tv.launcherx,time:422;name:com.google.android.packageinstaller,time:283;name:com.vt.tv.tvcenter,time:2338;name:com.google.android.apps.tv.dreamx,time:649;name:com.yablio.sendfilestotv,time:1573;name:com.android.tv.settings,time:187;name:in.southstream.android,time:879;name:com.android.vending,time:683;name:com.webnexs.rod_tv,time:802, resolution=4K, eventCode=001010, Brand=vuz, ChipPlatform=his9603, Capabilitycode=2023070501, tvversion=V0000.01.00T.P0805, Version=3.0, DeviceMsg=55DL61Q0000184, CountryCode=IND, logstamp=170}
04-10 15:23:21.660   216   216 I lowmemorykiller: Kill 'com.google.android.packageinstaller' (19919), uid 10032, oom_score_adj 975 to free 38848kB rss, 23504kB swap; reason: low watermark is breached and swap is low (45292kB < 81916kB)
04-10 15:23:21.764   825  2714 I ActivityManager: Process com.google.android.packageinstaller (pid 19919) has died: cch+75 CEM 
[15:28:21] 🔴 CRASH: 04-10 15:08:42.518 20035 20069 E AndroidRuntime: FATAL EXCEPTION: mqt_native_modules
04-10 15:12:07.537 21811 21847 E AndroidRuntime: FATAL EXCEPTION: mqt_native_modules
[15:28:21] 🟡 STALL: 04-10 15:20:19.771  1605  1933 I LogReportUtils: The Exception map sent out is:{tvmode=2, Os=Android, Zone=5, eventPos=010, eventtime=1775814619, eventType=001, commonInfo=istest:0, extratop=name:com.google.android.apps.tv.launcherx,time:422;name:com.google.android.packageinstaller,time:283;name:com.vt.tv.tvcenter,time:2338;name:com.google.android.apps.tv.dreamx,time:649;name:com.yablio.sendfilestotv,time:1573;name:com.android.tv.settings,time:187;name:in.southstream.android,time:879;name:com.android.vending,time:683;name:com.webnexs.rod_tv,time:802, resolution=4K, eventCode=001010, Brand=vuz, ChipPlatform=his9603, Capabilitycode=2023070501, tvversion=V0000.01.00T.P0805, Version=3.0, DeviceMsg=55DL61Q0000184, CountryCode=IND, logstamp=170}
04-10 15:23:21.660   216   216 I lowmemorykiller: Kill 'com.google.android.packageinstaller' (19919), uid 10032, oom_score_adj 975 to free 38848kB rss, 23504kB swap; reason: low watermark is breached and swap is low (45292kB < 81916kB)
04-10 15:23:21.764   825  2714 I ActivityManager: Process com.google.android.packageinstaller (pid 19919) has died: cch+75 CEM 
[15:28:31] 🔴 CRASH: 04-10 15:08:42.518 20035 20069 E AndroidRuntime: FATAL EXCEPTION: mqt_native_modules
04-10 15:12:07.537 21811 21847 E AndroidRuntime: FATAL EXCEPTION: mqt_native_modules
[15:28:31] 🟡 STALL: 04-10 15:20:19.771  1605  1933 I LogReportUtils: The Exception map sent out is:{tvmode=2, Os=Android, Zone=5, eventPos=010, eventtime=1775814619, eventType=001, commonInfo=istest:0, extratop=name:com.google.android.apps.tv.launcherx,time:422;name:com.google.android.packageinstaller,time:283;name:com.vt.tv.tvcenter,time:2338;name:com.google.android.apps.tv.dreamx,time:649;name:com.yablio.sendfilestotv,time:1573;name:com.android.tv.settings,time:187;name:in.southstream.android,time:879;name:com.android.vending,time:683;name:com.webnexs.rod_tv,time:802, resolution=4K, eventCode=001010, Brand=vuz, ChipPlatform=his9603, Capabilitycode=2023070501, tvversion=V0000.01.00T.P0805, Version=3.0, DeviceMsg=55DL61Q0000184, CountryCode=IND, logstamp=170}
04-10 15:23:21.660   216   216 I lowmemorykiller: Kill 'com.google.android.packageinstaller' (19919), uid 10032, oom_score_adj 975 to free 38848kB rss, 23504kB swap; reason: low watermark is breached and swap is low (45292kB < 81916kB)
04-10 15:23:21.764   825  2714 I ActivityManager: Process com.google.android.packageinstaller (pid 19919) has died: cch+75 CEM 
[15:28:39] 🔴 CRASH: 04-10 15:08:42.518 20035 20069 E AndroidRuntime: FATAL EXCEPTION: mqt_native_modules
04-10 15:12:07.537 21811 21847 E AndroidRuntime: FATAL EXCEPTION: mqt_native_modules
[15:28:39] 🟡 STALL: 04-10 15:20:19.771  1605  1933 I LogReportUtils: The Exception map sent out is:{tvmode=2, Os=Android, Zone=5, eventPos=010, eventtime=1775814619, eventType=001, commonInfo=istest:0, extratop=name:com.google.android.apps.tv.launcherx,time:422;name:com.google.android.packageinstaller,time:283;name:com.vt.tv.tvcenter,time:2338;name:com.google.android.apps.tv.dreamx,time:649;name:com.yablio.sendfilestotv,time:1573;name:com.android.tv.settings,time:187;name:in.southstream.android,time:879;name:com.android.vending,time:683;name:com.webnexs.rod_tv,time:802, resolution=4K, eventCode=001010, Brand=vuz, ChipPlatform=his9603, Capabilitycode=2023070501, tvversion=V0000.01.00T.P0805, Version=3.0, DeviceMsg=55DL61Q0000184, CountryCode=IND, logstamp=170}
04-10 15:23:21.660   216   216 I lowmemorykiller: Kill 'com.google.android.packageinstaller' (19919), uid 10032, oom_score_adj 975 to free 38848kB rss, 23504kB swap; reason: low watermark is breached and swap is low (45292kB < 81916kB)
04-10 15:23:21.764   825  2714 I ActivityManager: Process com.google.android.packageinstaller (pid 19919) has died: cch+75 CEM 
[15:28:48] 🔴 CRASH: 04-10 15:08:42.518 20035 20069 E AndroidRuntime: FATAL EXCEPTION: mqt_native_modules
04-10 15:12:07.537 21811 21847 E AndroidRuntime: FATAL EXCEPTION: mqt_native_modules
[15:28:48] 🟡 STALL: 04-10 15:20:19.771  1605  1933 I LogReportUtils: The Exception map sent out is:{tvmode=2, Os=Android, Zone=5, eventPos=010, eventtime=1775814619, eventType=001, commonInfo=istest:0, extratop=name:com.google.android.apps.tv.launcherx,time:422;name:com.google.android.packageinstaller,time:283;name:com.vt.tv.tvcenter,time:2338;name:com.google.android.apps.tv.dreamx,time:649;name:com.yablio.sendfilestotv,time:1573;name:com.android.tv.settings,time:187;name:in.southstream.android,time:879;name:com.android.vending,time:683;name:com.webnexs.rod_tv,time:802, resolution=4K, eventCode=001010, Brand=vuz, ChipPlatform=his9603, Capabilitycode=2023070501, tvversion=V0000.01.00T.P0805, Version=3.0, DeviceMsg=55DL61Q0000184, CountryCode=IND, logstamp=170}
04-10 15:23:21.660   216   216 I lowmemorykiller: Kill 'com.google.android.packageinstaller' (19919), uid 10032, oom_score_adj 975 to free 38848kB rss, 23504kB swap; reason: low watermark is breached and swap is low (45292kB < 81916kB)
04-10 15:23:21.764   825  2714 I ActivityManager: Process com.google.android.packageinstaller (pid 19919) has died: cch+75 CEM 
[15:28:56] 🔴 CRASH: 04-10 15:08:42.518 20035 20069 E AndroidRuntime: FATAL EXCEPTION: mqt_native_modules
04-10 15:12:07.537 21811 21847 E AndroidRuntime: FATAL EXCEPTION: mqt_native_modules
[15:28:56] 🟡 STALL: 04-10 15:20:19.771  1605  1933 I LogReportUtils: The Exception map sent out is:{tvmode=2, Os=Android, Zone=5, eventPos=010, eventtime=1775814619, eventType=001, commonInfo=istest:0, extratop=name:com.google.android.apps.tv.launcherx,time:422;name:com.google.android.packageinstaller,time:283;name:com.vt.tv.tvcenter,time:2338;name:com.google.android.apps.tv.dreamx,time:649;name:com.yablio.sendfilestotv,time:1573;name:com.android.tv.settings,time:187;name:in.southstream.android,time:879;name:com.android.vending,time:683;name:com.webnexs.rod_tv,time:802, resolution=4K, eventCode=001010, Brand=vuz, ChipPlatform=his9603, Capabilitycode=2023070501, tvversion=V0000.01.00T.P0805, Version=3.0, DeviceMsg=55DL61Q0000184, CountryCode=IND, logstamp=170}
04-10 15:23:21.660   216   216 I lowmemorykiller: Kill 'com.google.android.packageinstaller' (19919), uid 10032, oom_score_adj 975 to free 38848kB rss, 23504kB swap; reason: low watermark is breached and swap is low (45292kB < 81916kB)
04-10 15:23:21.764   825  2714 I ActivityManager: Process com.google.android.packageinstaller (pid 19919) has died: cch+75 CEM 
[15:29:04] 🔴 CRASH: 04-10 15:08:42.518 20035 20069 E AndroidRuntime: FATAL EXCEPTION: mqt_native_modules
04-10 15:12:07.537 21811 21847 E AndroidRuntime: FATAL EXCEPTION: mqt_native_modules
[15:29:04] 🟡 STALL: 04-10 15:20:19.771  1605  1933 I LogReportUtils: The Exception map sent out is:{tvmode=2, Os=Android, Zone=5, eventPos=010, eventtime=1775814619, eventType=001, commonInfo=istest:0, extratop=name:com.google.android.apps.tv.launcherx,time:422;name:com.google.android.packageinstaller,time:283;name:com.vt.tv.tvcenter,time:2338;name:com.google.android.apps.tv.dreamx,time:649;name:com.yablio.sendfilestotv,time:1573;name:com.android.tv.settings,time:187;name:in.southstream.android,time:879;name:com.android.vending,time:683;name:com.webnexs.rod_tv,time:802, resolution=4K, eventCode=001010, Brand=vuz, ChipPlatform=his9603, Capabilitycode=2023070501, tvversion=V0000.01.00T.P0805, Version=3.0, DeviceMsg=55DL61Q0000184, CountryCode=IND, logstamp=170}
04-10 15:23:21.660   216   216 I lowmemorykiller: Kill 'com.google.android.packageinstaller' (19919), uid 10032, oom_score_adj 975 to free 38848kB rss, 23504kB swap; reason: low watermark is breached and swap is low (45292kB < 81916kB)
04-10 15:23:21.764   825  2714 I ActivityManager: Process com.google.android.packageinstaller (pid 19919) has died: cch+75 CEM 
[15:29:13] 🔴 CRASH: 04-10 15:08:42.518 20035 20069 E AndroidRuntime: FATAL EXCEPTION: mqt_native_modules
04-10 15:12:07.537 21811 21847 E AndroidRuntime: FATAL EXCEPTION: mqt_native_modules
[15:29:13] 🟡 STALL: 04-10 15:20:19.771  1605  1933 I LogReportUtils: The Exception map sent out is:{tvmode=2, Os=Android, Zone=5, eventPos=010, eventtime=1775814619, eventType=001, commonInfo=istest:0, extratop=name:com.google.android.apps.tv.launcherx,time:422;name:com.google.android.packageinstaller,time:283;name:com.vt.tv.tvcenter,time:2338;name:com.google.android.apps.tv.dreamx,time:649;name:com.yablio.sendfilestotv,time:1573;name:com.android.tv.settings,time:187;name:in.southstream.android,time:879;name:com.android.vending,time:683;name:com.webnexs.rod_tv,time:802, resolution=4K, eventCode=001010, Brand=vuz, ChipPlatform=his9603, Capabilitycode=2023070501, tvversion=V0000.01.00T.P0805, Version=3.0, DeviceMsg=55DL61Q0000184, CountryCode=IND, logstamp=170}
04-10 15:23:21.660   216   216 I lowmemorykiller: Kill 'com.google.android.packageinstaller' (19919), uid 10032, oom_score_adj 975 to free 38848kB rss, 23504kB swap; reason: low watermark is breached and swap is low (45292kB < 81916kB)
04-10 15:23:21.764   825  2714 I ActivityManager: Process com.google.android.packageinstaller (pid 19919) has died: cch+75 CEM 
[15:29:23] 🔴 CRASH: 04-10 15:08:42.518 20035 20069 E AndroidRuntime: FATAL EXCEPTION: mqt_native_modules
04-10 15:12:07.537 21811 21847 E AndroidRuntime: FATAL EXCEPTION: mqt_native_modules
[15:29:23] 🟡 STALL: 04-10 15:20:19.771  1605  1933 I LogReportUtils: The Exception map sent out is:{tvmode=2, Os=Android, Zone=5, eventPos=010, eventtime=1775814619, eventType=001, commonInfo=istest:0, extratop=name:com.google.android.apps.tv.launcherx,time:422;name:com.google.android.packageinstaller,time:283;name:com.vt.tv.tvcenter,time:2338;name:com.google.android.apps.tv.dreamx,time:649;name:com.yablio.sendfilestotv,time:1573;name:com.android.tv.settings,time:187;name:in.southstream.android,time:879;name:com.android.vending,time:683;name:com.webnexs.rod_tv,time:802, resolution=4K, eventCode=001010, Brand=vuz, ChipPlatform=his9603, Capabilitycode=2023070501, tvversion=V0000.01.00T.P0805, Version=3.0, DeviceMsg=55DL61Q0000184, CountryCode=IND, logstamp=170}
04-10 15:23:21.660   216   216 I lowmemorykiller: Kill 'com.google.android.packageinstaller' (19919), uid 10032, oom_score_adj 975 to free 38848kB rss, 23504kB swap; reason: low watermark is breached and swap is low (45292kB < 81916kB)
04-10 15:23:21.764   825  2714 I ActivityManager: Process com.google.android.packageinstaller (pid 19919) has died: cch+75 CEM 
[15:29:32] 🔴 CRASH: 04-10 15:08:42.518 20035 20069 E AndroidRuntime: FATAL EXCEPTION: mqt_native_modules
04-10 15:12:07.537 21811 21847 E AndroidRuntime: FATAL EXCEPTION: mqt_native_modules
[15:29:32] 🟡 STALL: 04-10 15:20:19.771  1605  1933 I LogReportUtils: The Exception map sent out is:{tvmode=2, Os=Android, Zone=5, eventPos=010, eventtime=1775814619, eventType=001, commonInfo=istest:0, extratop=name:com.google.android.apps.tv.launcherx,time:422;name:com.google.android.packageinstaller,time:283;name:com.vt.tv.tvcenter,time:2338;name:com.google.android.apps.tv.dreamx,time:649;name:com.yablio.sendfilestotv,time:1573;name:com.android.tv.settings,time:187;name:in.southstream.android,time:879;name:com.android.vending,time:683;name:com.webnexs.rod_tv,time:802, resolution=4K, eventCode=001010, Brand=vuz, ChipPlatform=his9603, Capabilitycode=2023070501, tvversion=V0000.01.00T.P0805, Version=3.0, DeviceMsg=55DL61Q0000184, CountryCode=IND, logstamp=170}
04-10 15:23:21.660   216   216 I lowmemorykiller: Kill 'com.google.android.packageinstaller' (19919), uid 10032, oom_score_adj 975 to free 38848kB rss, 23504kB swap; reason: low watermark is breached and swap is low (45292kB < 81916kB)
04-10 15:23:21.764   825  2714 I ActivityManager: Process com.google.android.packageinstaller (pid 19919) has died: cch+75 CEM 
[15:29:40] 🔴 CRASH: 04-10 15:08:42.518 20035 20069 E AndroidRuntime: FATAL EXCEPTION: mqt_native_modules
04-10 15:12:07.537 21811 21847 E AndroidRuntime: FATAL EXCEPTION: mqt_native_modules
[15:29:40] 🟡 STALL: 04-10 15:20:19.771  1605  1933 I LogReportUtils: The Exception map sent out is:{tvmode=2, Os=Android, Zone=5, eventPos=010, eventtime=1775814619, eventType=001, commonInfo=istest:0, extratop=name:com.google.android.apps.tv.launcherx,time:422;name:com.google.android.packageinstaller,time:283;name:com.vt.tv.tvcenter,time:2338;name:com.google.android.apps.tv.dreamx,time:649;name:com.yablio.sendfilestotv,time:1573;name:com.android.tv.settings,time:187;name:in.southstream.android,time:879;name:com.android.vending,time:683;name:com.webnexs.rod_tv,time:802, resolution=4K, eventCode=001010, Brand=vuz, ChipPlatform=his9603, Capabilitycode=2023070501, tvversion=V0000.01.00T.P0805, Version=3.0, DeviceMsg=55DL61Q0000184, CountryCode=IND, logstamp=170}
04-10 15:23:21.660   216   216 I lowmemorykiller: Kill 'com.google.android.packageinstaller' (19919), uid 10032, oom_score_adj 975 to free 38848kB rss, 23504kB swap; reason: low watermark is breached and swap is low (45292kB < 81916kB)
04-10 15:23:21.764   825  2714 I ActivityManager: Process com.google.android.packageinstaller (pid 19919) has died: cch+75 CEM 
[15:29:49] 🔴 CRASH: 04-10 15:08:42.518 20035 20069 E AndroidRuntime: FATAL EXCEPTION: mqt_native_modules
04-10 15:12:07.537 21811 21847 E AndroidRuntime: FATAL EXCEPTION: mqt_native_modules
[15:29:49] 🟡 STALL: 04-10 15:20:19.771  1605  1933 I LogReportUtils: The Exception map sent out is:{tvmode=2, Os=Android, Zone=5, eventPos=010, eventtime=1775814619, eventType=001, commonInfo=istest:0, extratop=name:com.google.android.apps.tv.launcherx,time:422;name:com.google.android.packageinstaller,time:283;name:com.vt.tv.tvcenter,time:2338;name:com.google.android.apps.tv.dreamx,time:649;name:com.yablio.sendfilestotv,time:1573;name:com.android.tv.settings,time:187;name:in.southstream.android,time:879;name:com.android.vending,time:683;name:com.webnexs.rod_tv,time:802, resolution=4K, eventCode=001010, Brand=vuz, ChipPlatform=his9603, Capabilitycode=2023070501, tvversion=V0000.01.00T.P0805, Version=3.0, DeviceMsg=55DL61Q0000184, CountryCode=IND, logstamp=170}
04-10 15:23:21.660   216   216 I lowmemorykiller: Kill 'com.google.android.packageinstaller' (19919), uid 10032, oom_score_adj 975 to free 38848kB rss, 23504kB swap; reason: low watermark is breached and swap is low (45292kB < 81916kB)
04-10 15:23:21.764   825  2714 I ActivityManager: Process com.google.android.packageinstaller (pid 19919) has died: cch+75 CEM 
[15:29:57] 🔴 CRASH: 04-10 15:08:42.518 20035 20069 E AndroidRuntime: FATAL EXCEPTION: mqt_native_modules
04-10 15:12:07.537 21811 21847 E AndroidRuntime: FATAL EXCEPTION: mqt_native_modules
[15:29:57] 🟡 STALL: 04-10 15:20:19.771  1605  1933 I LogReportUtils: The Exception map sent out is:{tvmode=2, Os=Android, Zone=5, eventPos=010, eventtime=1775814619, eventType=001, commonInfo=istest:0, extratop=name:com.google.android.apps.tv.launcherx,time:422;name:com.google.android.packageinstaller,time:283;name:com.vt.tv.tvcenter,time:2338;name:com.google.android.apps.tv.dreamx,time:649;name:com.yablio.sendfilestotv,time:1573;name:com.android.tv.settings,time:187;name:in.southstream.android,time:879;name:com.android.vending,time:683;name:com.webnexs.rod_tv,time:802, resolution=4K, eventCode=001010, Brand=vuz, ChipPlatform=his9603, Capabilitycode=2023070501, tvversion=V0000.01.00T.P0805, Version=3.0, DeviceMsg=55DL61Q0000184, CountryCode=IND, logstamp=170}
04-10 15:23:21.660   216   216 I lowmemorykiller: Kill 'com.google.android.packageinstaller' (19919), uid 10032, oom_score_adj 975 to free 38848kB rss, 23504kB swap; reason: low watermark is breached and swap is low (45292kB < 81916kB)
04-10 15:23:21.764   825  2714 I ActivityManager: Process com.google.android.packageinstaller (pid 19919) has died: cch+75 CEM 
[15:30:05] 🔴 CRASH: 04-10 15:08:42.518 20035 20069 E AndroidRuntime: FATAL EXCEPTION: mqt_native_modules
04-10 15:12:07.537 21811 21847 E AndroidRuntime: FATAL EXCEPTION: mqt_native_modules
[15:30:05] 🟡 STALL: 04-10 15:20:19.771  1605  1933 I LogReportUtils: The Exception map sent out is:{tvmode=2, Os=Android, Zone=5, eventPos=010, eventtime=1775814619, eventType=001, commonInfo=istest:0, extratop=name:com.google.android.apps.tv.launcherx,time:422;name:com.google.android.packageinstaller,time:283;name:com.vt.tv.tvcenter,time:2338;name:com.google.android.apps.tv.dreamx,time:649;name:com.yablio.sendfilestotv,time:1573;name:com.android.tv.settings,time:187;name:in.southstream.android,time:879;name:com.android.vending,time:683;name:com.webnexs.rod_tv,time:802, resolution=4K, eventCode=001010, Brand=vuz, ChipPlatform=his9603, Capabilitycode=2023070501, tvversion=V0000.01.00T.P0805, Version=3.0, DeviceMsg=55DL61Q0000184, CountryCode=IND, logstamp=170}
04-10 15:23:21.660   216   216 I lowmemorykiller: Kill 'com.google.android.packageinstaller' (19919), uid 10032, oom_score_adj 975 to free 38848kB rss, 23504kB swap; reason: low watermark is breached and swap is low (45292kB < 81916kB)
04-10 15:23:21.764   825  2714 I ActivityManager: Process com.google.android.packageinstaller (pid 19919) has died: cch+75 CEM 
[15:30:15] 🔴 CRASH: 04-10 15:08:42.518 20035 20069 E AndroidRuntime: FATAL EXCEPTION: mqt_native_modules
04-10 15:12:07.537 21811 21847 E AndroidRuntime: FATAL EXCEPTION: mqt_native_modules
[15:30:15] 🟡 STALL: 04-10 15:20:19.771  1605  1933 I LogReportUtils: The Exception map sent out is:{tvmode=2, Os=Android, Zone=5, eventPos=010, eventtime=1775814619, eventType=001, commonInfo=istest:0, extratop=name:com.google.android.apps.tv.launcherx,time:422;name:com.google.android.packageinstaller,time:283;name:com.vt.tv.tvcenter,time:2338;name:com.google.android.apps.tv.dreamx,time:649;name:com.yablio.sendfilestotv,time:1573;name:com.android.tv.settings,time:187;name:in.southstream.android,time:879;name:com.android.vending,time:683;name:com.webnexs.rod_tv,time:802, resolution=4K, eventCode=001010, Brand=vuz, ChipPlatform=his9603, Capabilitycode=2023070501, tvversion=V0000.01.00T.P0805, Version=3.0, DeviceMsg=55DL61Q0000184, CountryCode=IND, logstamp=170}
04-10 15:23:21.660   216   216 I lowmemorykiller: Kill 'com.google.android.packageinstaller' (19919), uid 10032, oom_score_adj 975 to free 38848kB rss, 23504kB swap; reason: low watermark is breached and swap is low (45292kB < 81916kB)
04-10 15:23:21.764   825  2714 I ActivityManager: Process com.google.android.packageinstaller (pid 19919) has died: cch+75 CEM 
[15:30:23] 🔴 CRASH: 04-10 15:08:42.518 20035 20069 E AndroidRuntime: FATAL EXCEPTION: mqt_native_modules
04-10 15:12:07.537 21811 21847 E AndroidRuntime: FATAL EXCEPTION: mqt_native_modules
[15:30:23] 🟡 STALL: 04-10 15:20:19.771  1605  1933 I LogReportUtils: The Exception map sent out is:{tvmode=2, Os=Android, Zone=5, eventPos=010, eventtime=1775814619, eventType=001, commonInfo=istest:0, extratop=name:com.google.android.apps.tv.launcherx,time:422;name:com.google.android.packageinstaller,time:283;name:com.vt.tv.tvcenter,time:2338;name:com.google.android.apps.tv.dreamx,time:649;name:com.yablio.sendfilestotv,time:1573;name:com.android.tv.settings,time:187;name:in.southstream.android,time:879;name:com.android.vending,time:683;name:com.webnexs.rod_tv,time:802, resolution=4K, eventCode=001010, Brand=vuz, ChipPlatform=his9603, Capabilitycode=2023070501, tvversion=V0000.01.00T.P0805, Version=3.0, DeviceMsg=55DL61Q0000184, CountryCode=IND, logstamp=170}
04-10 15:23:21.660   216   216 I lowmemorykiller: Kill 'com.google.android.packageinstaller' (19919), uid 10032, oom_score_adj 975 to free 38848kB rss, 23504kB swap; reason: low watermark is breached and swap is low (45292kB < 81916kB)
04-10 15:23:21.764   825  2714 I ActivityManager: Process com.google.android.packageinstaller (pid 19919) has died: cch+75 CEM 
[15:30:32] 🔴 CRASH: 04-10 15:08:42.518 20035 20069 E AndroidRuntime: FATAL EXCEPTION: mqt_native_modules
04-10 15:12:07.537 21811 21847 E AndroidRuntime: FATAL EXCEPTION: mqt_native_modules
[15:30:32] 🟡 STALL: 04-10 15:20:19.771  1605  1933 I LogReportUtils: The Exception map sent out is:{tvmode=2, Os=Android, Zone=5, eventPos=010, eventtime=1775814619, eventType=001, commonInfo=istest:0, extratop=name:com.google.android.apps.tv.launcherx,time:422;name:com.google.android.packageinstaller,time:283;name:com.vt.tv.tvcenter,time:2338;name:com.google.android.apps.tv.dreamx,time:649;name:com.yablio.sendfilestotv,time:1573;name:com.android.tv.settings,time:187;name:in.southstream.android,time:879;name:com.android.vending,time:683;name:com.webnexs.rod_tv,time:802, resolution=4K, eventCode=001010, Brand=vuz, ChipPlatform=his9603, Capabilitycode=2023070501, tvversion=V0000.01.00T.P0805, Version=3.0, DeviceMsg=55DL61Q0000184, CountryCode=IND, logstamp=170}
04-10 15:23:21.660   216   216 I lowmemorykiller: Kill 'com.google.android.packageinstaller' (19919), uid 10032, oom_score_adj 975 to free 38848kB rss, 23504kB swap; reason: low watermark is breached and swap is low (45292kB < 81916kB)
04-10 15:23:21.764   825  2714 I ActivityManager: Process com.google.android.packageinstaller (pid 19919) has died: cch+75 CEM 
[15:30:40] 🔴 CRASH: 04-10 15:08:42.518 20035 20069 E AndroidRuntime: FATAL EXCEPTION: mqt_native_modules
04-10 15:12:07.537 21811 21847 E AndroidRuntime: FATAL EXCEPTION: mqt_native_modules
[15:30:40] 🟡 STALL: 04-10 15:20:19.771  1605  1933 I LogReportUtils: The Exception map sent out is:{tvmode=2, Os=Android, Zone=5, eventPos=010, eventtime=1775814619, eventType=001, commonInfo=istest:0, extratop=name:com.google.android.apps.tv.launcherx,time:422;name:com.google.android.packageinstaller,time:283;name:com.vt.tv.tvcenter,time:2338;name:com.google.android.apps.tv.dreamx,time:649;name:com.yablio.sendfilestotv,time:1573;name:com.android.tv.settings,time:187;name:in.southstream.android,time:879;name:com.android.vending,time:683;name:com.webnexs.rod_tv,time:802, resolution=4K, eventCode=001010, Brand=vuz, ChipPlatform=his9603, Capabilitycode=2023070501, tvversion=V0000.01.00T.P0805, Version=3.0, DeviceMsg=55DL61Q0000184, CountryCode=IND, logstamp=170}
04-10 15:23:21.660   216   216 I lowmemorykiller: Kill 'com.google.android.packageinstaller' (19919), uid 10032, oom_score_adj 975 to free 38848kB rss, 23504kB swap; reason: low watermark is breached and swap is low (45292kB < 81916kB)
04-10 15:23:21.764   825  2714 I ActivityManager: Process com.google.android.packageinstaller (pid 19919) has died: cch+75 CEM 
[15:30:49] 🔴 CRASH: 04-10 15:08:42.518 20035 20069 E AndroidRuntime: FATAL EXCEPTION: mqt_native_modules
04-10 15:12:07.537 21811 21847 E AndroidRuntime: FATAL EXCEPTION: mqt_native_modules
[15:30:49] 🟡 STALL: 04-10 15:20:19.771  1605  1933 I LogReportUtils: The Exception map sent out is:{tvmode=2, Os=Android, Zone=5, eventPos=010, eventtime=1775814619, eventType=001, commonInfo=istest:0, extratop=name:com.google.android.apps.tv.launcherx,time:422;name:com.google.android.packageinstaller,time:283;name:com.vt.tv.tvcenter,time:2338;name:com.google.android.apps.tv.dreamx,time:649;name:com.yablio.sendfilestotv,time:1573;name:com.android.tv.settings,time:187;name:in.southstream.android,time:879;name:com.android.vending,time:683;name:com.webnexs.rod_tv,time:802, resolution=4K, eventCode=001010, Brand=vuz, ChipPlatform=his9603, Capabilitycode=2023070501, tvversion=V0000.01.00T.P0805, Version=3.0, DeviceMsg=55DL61Q0000184, CountryCode=IND, logstamp=170}
04-10 15:23:21.660   216   216 I lowmemorykiller: Kill 'com.google.android.packageinstaller' (19919), uid 10032, oom_score_adj 975 to free 38848kB rss, 23504kB swap; reason: low watermark is breached and swap is low (45292kB < 81916kB)
04-10 15:23:21.764   825  2714 I ActivityManager: Process com.google.android.packageinstaller (pid 19919) has died: cch+75 CEM 
[15:30:57] 🔴 CRASH: 04-10 15:08:42.518 20035 20069 E AndroidRuntime: FATAL EXCEPTION: mqt_native_modules
04-10 15:12:07.537 21811 21847 E AndroidRuntime: FATAL EXCEPTION: mqt_native_modules
[15:30:57] 🟡 STALL: 04-10 15:20:19.771  1605  1933 I LogReportUtils: The Exception map sent out is:{tvmode=2, Os=Android, Zone=5, eventPos=010, eventtime=1775814619, eventType=001, commonInfo=istest:0, extratop=name:com.google.android.apps.tv.launcherx,time:422;name:com.google.android.packageinstaller,time:283;name:com.vt.tv.tvcenter,time:2338;name:com.google.android.apps.tv.dreamx,time:649;name:com.yablio.sendfilestotv,time:1573;name:com.android.tv.settings,time:187;name:in.southstream.android,time:879;name:com.android.vending,time:683;name:com.webnexs.rod_tv,time:802, resolution=4K, eventCode=001010, Brand=vuz, ChipPlatform=his9603, Capabilitycode=2023070501, tvversion=V0000.01.00T.P0805, Version=3.0, DeviceMsg=55DL61Q0000184, CountryCode=IND, logstamp=170}
04-10 15:23:21.660   216   216 I lowmemorykiller: Kill 'com.google.android.packageinstaller' (19919), uid 10032, oom_score_adj 975 to free 38848kB rss, 23504kB swap; reason: low watermark is breached and swap is low (45292kB < 81916kB)
04-10 15:23:21.764   825  2714 I ActivityManager: Process com.google.android.packageinstaller (pid 19919) has died: cch+75 CEM 
[15:31:07] 🔴 CRASH: 04-10 15:08:42.518 20035 20069 E AndroidRuntime: FATAL EXCEPTION: mqt_native_modules
04-10 15:12:07.537 21811 21847 E AndroidRuntime: FATAL EXCEPTION: mqt_native_modules
[15:31:07] 🟡 STALL: 04-10 15:20:19.771  1605  1933 I LogReportUtils: The Exception map sent out is:{tvmode=2, Os=Android, Zone=5, eventPos=010, eventtime=1775814619, eventType=001, commonInfo=istest:0, extratop=name:com.google.android.apps.tv.launcherx,time:422;name:com.google.android.packageinstaller,time:283;name:com.vt.tv.tvcenter,time:2338;name:com.google.android.apps.tv.dreamx,time:649;name:com.yablio.sendfilestotv,time:1573;name:com.android.tv.settings,time:187;name:in.southstream.android,time:879;name:com.android.vending,time:683;name:com.webnexs.rod_tv,time:802, resolution=4K, eventCode=001010, Brand=vuz, ChipPlatform=his9603, Capabilitycode=2023070501, tvversion=V0000.01.00T.P0805, Version=3.0, DeviceMsg=55DL61Q0000184, CountryCode=IND, logstamp=170}
04-10 15:23:21.660   216   216 I lowmemorykiller: Kill 'com.google.android.packageinstaller' (19919), uid 10032, oom_score_adj 975 to free 38848kB rss, 23504kB swap; reason: low watermark is breached and swap is low (45292kB < 81916kB)
04-10 15:23:21.764   825  2714 I ActivityManager: Process com.google.android.packageinstaller (pid 19919) has died: cch+75 CEM 
[15:31:15] 🔴 CRASH: 04-10 15:08:42.518 20035 20069 E AndroidRuntime: FATAL EXCEPTION: mqt_native_modules
04-10 15:12:07.537 21811 21847 E AndroidRuntime: FATAL EXCEPTION: mqt_native_modules
[15:31:15] 🟡 STALL: 04-10 15:20:19.771  1605  1933 I LogReportUtils: The Exception map sent out is:{tvmode=2, Os=Android, Zone=5, eventPos=010, eventtime=1775814619, eventType=001, commonInfo=istest:0, extratop=name:com.google.android.apps.tv.launcherx,time:422;name:com.google.android.packageinstaller,time:283;name:com.vt.tv.tvcenter,time:2338;name:com.google.android.apps.tv.dreamx,time:649;name:com.yablio.sendfilestotv,time:1573;name:com.android.tv.settings,time:187;name:in.southstream.android,time:879;name:com.android.vending,time:683;name:com.webnexs.rod_tv,time:802, resolution=4K, eventCode=001010, Brand=vuz, ChipPlatform=his9603, Capabilitycode=2023070501, tvversion=V0000.01.00T.P0805, Version=3.0, DeviceMsg=55DL61Q0000184, CountryCode=IND, logstamp=170}
04-10 15:23:21.660   216   216 I lowmemorykiller: Kill 'com.google.android.packageinstaller' (19919), uid 10032, oom_score_adj 975 to free 38848kB rss, 23504kB swap; reason: low watermark is breached and swap is low (45292kB < 81916kB)
04-10 15:23:21.764   825  2714 I ActivityManager: Process com.google.android.packageinstaller (pid 19919) has died: cch+75 CEM 
[15:31:24] 🔴 CRASH: 04-10 15:08:42.518 20035 20069 E AndroidRuntime: FATAL EXCEPTION: mqt_native_modules
04-10 15:12:07.537 21811 21847 E AndroidRuntime: FATAL EXCEPTION: mqt_native_modules
[15:31:24] 🟡 STALL: 04-10 15:20:19.771  1605  1933 I LogReportUtils: The Exception map sent out is:{tvmode=2, Os=Android, Zone=5, eventPos=010, eventtime=1775814619, eventType=001, commonInfo=istest:0, extratop=name:com.google.android.apps.tv.launcherx,time:422;name:com.google.android.packageinstaller,time:283;name:com.vt.tv.tvcenter,time:2338;name:com.google.android.apps.tv.dreamx,time:649;name:com.yablio.sendfilestotv,time:1573;name:com.android.tv.settings,time:187;name:in.southstream.android,time:879;name:com.android.vending,time:683;name:com.webnexs.rod_tv,time:802, resolution=4K, eventCode=001010, Brand=vuz, ChipPlatform=his9603, Capabilitycode=2023070501, tvversion=V0000.01.00T.P0805, Version=3.0, DeviceMsg=55DL61Q0000184, CountryCode=IND, logstamp=170}
04-10 15:23:21.660   216   216 I lowmemorykiller: Kill 'com.google.android.packageinstaller' (19919), uid 10032, oom_score_adj 975 to free 38848kB rss, 23504kB swap; reason: low watermark is breached and swap is low (45292kB < 81916kB)
04-10 15:23:21.764   825  2714 I ActivityManager: Process com.google.android.packageinstaller (pid 19919) has died: cch+75 CEM 
[15:31:33] 🔴 CRASH: 04-10 15:08:42.518 20035 20069 E AndroidRuntime: FATAL EXCEPTION: mqt_native_modules
04-10 15:12:07.537 21811 21847 E AndroidRuntime: FATAL EXCEPTION: mqt_native_modules
[15:31:33] 🟡 STALL: 04-10 15:23:21.764   825  2714 I ActivityManager: Process com.google.android.packageinstaller (pid 19919) has died: cch+75 CEM 
04-10 15:31:32.517 25567 25567 I MultiDex: Installing application
04-10 15:31:32.693 25567 25567 I vcw     : SslGuard completed installation.
[15:31:41] 🔴 CRASH: 04-10 15:08:42.518 20035 20069 E AndroidRuntime: FATAL EXCEPTION: mqt_native_modules
04-10 15:12:07.537 21811 21847 E AndroidRuntime: FATAL EXCEPTION: mqt_native_modules
[15:31:41] 🟡 STALL: 04-10 15:31:34.415 25567 25605 I ProviderInstaller: Installed default security provider GmsCore_OpenSSL
04-10 15:31:34.415 25567 25605 I katniss_search_SecurityProviderTask: Security provider installed.
04-10 15:31:34.459 25567 25646 W FlagRegistrar: Failed to register com.google.android.gms.providerinstaller#com.google.android.katniss
[15:31:50] 🔴 CRASH: 04-10 15:08:42.518 20035 20069 E AndroidRuntime: FATAL EXCEPTION: mqt_native_modules
04-10 15:12:07.537 21811 21847 E AndroidRuntime: FATAL EXCEPTION: mqt_native_modules
[15:31:50] 🟡 STALL: 04-10 15:31:34.415 25567 25605 I ProviderInstaller: Installed default security provider GmsCore_OpenSSL
04-10 15:31:34.415 25567 25605 I katniss_search_SecurityProviderTask: Security provider installed.
04-10 15:31:34.459 25567 25646 W FlagRegistrar: Failed to register com.google.android.gms.providerinstaller#com.google.android.katniss
[15:31:59] 🔴 CRASH: 04-10 15:08:42.518 20035 20069 E AndroidRuntime: FATAL EXCEPTION: mqt_native_modules
04-10 15:12:07.537 21811 21847 E AndroidRuntime: FATAL EXCEPTION: mqt_native_modules
[15:31:59] 🟡 STALL: 04-10 15:31:34.415 25567 25605 I ProviderInstaller: Installed default security provider GmsCore_OpenSSL
04-10 15:31:34.415 25567 25605 I katniss_search_SecurityProviderTask: Security provider installed.
04-10 15:31:34.459 25567 25646 W FlagRegistrar: Failed to register com.google.android.gms.providerinstaller#com.google.android.katniss
[15:32:08] 🔴 CRASH: 04-10 15:08:42.518 20035 20069 E AndroidRuntime: FATAL EXCEPTION: mqt_native_modules
04-10 15:12:07.537 21811 21847 E AndroidRuntime: FATAL EXCEPTION: mqt_native_modules
[15:32:08] 🟡 STALL: 04-10 15:31:34.415 25567 25605 I ProviderInstaller: Installed default security provider GmsCore_OpenSSL
04-10 15:31:34.415 25567 25605 I katniss_search_SecurityProviderTask: Security provider installed.
04-10 15:31:34.459 25567 25646 W FlagRegistrar: Failed to register com.google.android.gms.providerinstaller#com.google.android.katniss
[15:32:17] 🔴 CRASH: 04-10 15:08:42.518 20035 20069 E AndroidRuntime: FATAL EXCEPTION: mqt_native_modules
04-10 15:12:07.537 21811 21847 E AndroidRuntime: FATAL EXCEPTION: mqt_native_modules
[15:32:17] 🟡 STALL: 04-10 15:31:34.415 25567 25605 I ProviderInstaller: Installed default security provider GmsCore_OpenSSL
04-10 15:31:34.415 25567 25605 I katniss_search_SecurityProviderTask: Security provider installed.
04-10 15:31:34.459 25567 25646 W FlagRegistrar: Failed to register com.google.android.gms.providerinstaller#com.google.android.katniss
[15:32:27] 🔴 CRASH: 04-10 15:08:42.518 20035 20069 E AndroidRuntime: FATAL EXCEPTION: mqt_native_modules
04-10 15:12:07.537 21811 21847 E AndroidRuntime: FATAL EXCEPTION: mqt_native_modules
[15:32:27] 🟡 STALL: 04-10 15:31:34.415 25567 25605 I ProviderInstaller: Installed default security provider GmsCore_OpenSSL
04-10 15:31:34.415 25567 25605 I katniss_search_SecurityProviderTask: Security provider installed.
04-10 15:31:34.459 25567 25646 W FlagRegistrar: Failed to register com.google.android.gms.providerinstaller#com.google.android.katniss
[15:32:36] 🔴 CRASH: 04-10 15:08:42.518 20035 20069 E AndroidRuntime: FATAL EXCEPTION: mqt_native_modules
04-10 15:12:07.537 21811 21847 E AndroidRuntime: FATAL EXCEPTION: mqt_native_modules
[15:32:36] 🟡 STALL: 04-10 15:31:34.415 25567 25605 I ProviderInstaller: Installed default security provider GmsCore_OpenSSL
04-10 15:31:34.415 25567 25605 I katniss_search_SecurityProviderTask: Security provider installed.
04-10 15:31:34.459 25567 25646 W FlagRegistrar: Failed to register com.google.android.gms.providerinstaller#com.google.android.katniss
[15:32:44] 🔴 CRASH: 04-10 15:08:42.518 20035 20069 E AndroidRuntime: FATAL EXCEPTION: mqt_native_modules
04-10 15:12:07.537 21811 21847 E AndroidRuntime: FATAL EXCEPTION: mqt_native_modules
[15:32:44] 🟡 STALL: 04-10 15:31:34.415 25567 25605 I ProviderInstaller: Installed default security provider GmsCore_OpenSSL
04-10 15:31:34.415 25567 25605 I katniss_search_SecurityProviderTask: Security provider installed.
04-10 15:31:34.459 25567 25646 W FlagRegistrar: Failed to register com.google.android.gms.providerinstaller#com.google.android.katniss
[15:32:54] 🔴 CRASH: 04-10 15:08:42.518 20035 20069 E AndroidRuntime: FATAL EXCEPTION: mqt_native_modules
04-10 15:12:07.537 21811 21847 E AndroidRuntime: FATAL EXCEPTION: mqt_native_modules
[15:32:54] 🟡 STALL: 04-10 15:31:34.415 25567 25605 I ProviderInstaller: Installed default security provider GmsCore_OpenSSL
04-10 15:31:34.415 25567 25605 I katniss_search_SecurityProviderTask: Security provider installed.
04-10 15:31:34.459 25567 25646 W FlagRegistrar: Failed to register com.google.android.gms.providerinstaller#com.google.android.katniss
[15:33:03] 🔴 CRASH: 04-10 15:08:42.518 20035 20069 E AndroidRuntime: FATAL EXCEPTION: mqt_native_modules
04-10 15:12:07.537 21811 21847 E AndroidRuntime: FATAL EXCEPTION: mqt_native_modules
[15:33:03] 🟡 STALL: 04-10 15:31:34.415 25567 25605 I ProviderInstaller: Installed default security provider GmsCore_OpenSSL
04-10 15:31:34.415 25567 25605 I katniss_search_SecurityProviderTask: Security provider installed.
04-10 15:31:34.459 25567 25646 W FlagRegistrar: Failed to register com.google.android.gms.providerinstaller#com.google.android.katniss
[15:33:12] 🔴 CRASH: 04-10 15:08:42.518 20035 20069 E AndroidRuntime: FATAL EXCEPTION: mqt_native_modules
04-10 15:12:07.537 21811 21847 E AndroidRuntime: FATAL EXCEPTION: mqt_native_modules
[15:33:12] 🟡 STALL: 04-10 15:31:34.415 25567 25605 I ProviderInstaller: Installed default security provider GmsCore_OpenSSL
04-10 15:31:34.415 25567 25605 I katniss_search_SecurityProviderTask: Security provider installed.
04-10 15:31:34.459 25567 25646 W FlagRegistrar: Failed to register com.google.android.gms.providerinstaller#com.google.android.katniss
[15:33:20] 🔴 CRASH: 04-10 15:08:42.518 20035 20069 E AndroidRuntime: FATAL EXCEPTION: mqt_native_modules
04-10 15:12:07.537 21811 21847 E AndroidRuntime: FATAL EXCEPTION: mqt_native_modules
[15:33:20] 🟡 STALL: 04-10 15:31:34.415 25567 25605 I ProviderInstaller: Installed default security provider GmsCore_OpenSSL
04-10 15:31:34.415 25567 25605 I katniss_search_SecurityProviderTask: Security provider installed.
04-10 15:31:34.459 25567 25646 W FlagRegistrar: Failed to register com.google.android.gms.providerinstaller#com.google.android.katniss
[15:33:31] 🔴 CRASH: 04-10 15:08:42.518 20035 20069 E AndroidRuntime: FATAL EXCEPTION: mqt_native_modules
04-10 15:12:07.537 21811 21847 E AndroidRuntime: FATAL EXCEPTION: mqt_native_modules
[15:33:31] 🟡 STALL: 04-10 15:31:34.415 25567 25605 I ProviderInstaller: Installed default security provider GmsCore_OpenSSL
04-10 15:31:34.415 25567 25605 I katniss_search_SecurityProviderTask: Security provider installed.
04-10 15:31:34.459 25567 25646 W FlagRegistrar: Failed to register com.google.android.gms.providerinstaller#com.google.android.katniss
[15:33:39] 🔴 CRASH: 04-10 15:08:42.518 20035 20069 E AndroidRuntime: FATAL EXCEPTION: mqt_native_modules
04-10 15:12:07.537 21811 21847 E AndroidRuntime: FATAL EXCEPTION: mqt_native_modules
[15:33:39] 🟡 STALL: 04-10 15:31:34.415 25567 25605 I ProviderInstaller: Installed default security provider GmsCore_OpenSSL
04-10 15:31:34.415 25567 25605 I katniss_search_SecurityProviderTask: Security provider installed.
04-10 15:31:34.459 25567 25646 W FlagRegistrar: Failed to register com.google.android.gms.providerinstaller#com.google.android.katniss
[15:33:49] 🔴 CRASH: 04-10 15:08:42.518 20035 20069 E AndroidRuntime: FATAL EXCEPTION: mqt_native_modules
04-10 15:12:07.537 21811 21847 E AndroidRuntime: FATAL EXCEPTION: mqt_native_modules
[15:33:49] 🟡 STALL: 04-10 15:31:34.415 25567 25605 I ProviderInstaller: Installed default security provider GmsCore_OpenSSL
04-10 15:31:34.415 25567 25605 I katniss_search_SecurityProviderTask: Security provider installed.
04-10 15:31:34.459 25567 25646 W FlagRegistrar: Failed to register com.google.android.gms.providerinstaller#com.google.android.katniss
[15:33:58] 🔴 CRASH: 04-10 15:08:42.518 20035 20069 E AndroidRuntime: FATAL EXCEPTION: mqt_native_modules
04-10 15:12:07.537 21811 21847 E AndroidRuntime: FATAL EXCEPTION: mqt_native_modules
[15:33:58] 🟡 STALL: 04-10 15:31:34.415 25567 25605 I ProviderInstaller: Installed default security provider GmsCore_OpenSSL
04-10 15:31:34.415 25567 25605 I katniss_search_SecurityProviderTask: Security provider installed.
04-10 15:31:34.459 25567 25646 W FlagRegistrar: Failed to register com.google.android.gms.providerinstaller#com.google.android.katniss
[15:34:07] 🔴 CRASH: 04-10 15:08:42.518 20035 20069 E AndroidRuntime: FATAL EXCEPTION: mqt_native_modules
04-10 15:12:07.537 21811 21847 E AndroidRuntime: FATAL EXCEPTION: mqt_native_modules
[15:34:07] 🟡 STALL: 04-10 15:31:34.415 25567 25605 I ProviderInstaller: Installed default security provider GmsCore_OpenSSL
04-10 15:31:34.415 25567 25605 I katniss_search_SecurityProviderTask: Security provider installed.
04-10 15:31:34.459 25567 25646 W FlagRegistrar: Failed to register com.google.android.gms.providerinstaller#com.google.android.katniss
[15:34:16] 🔴 CRASH: 04-10 15:08:42.518 20035 20069 E AndroidRuntime: FATAL EXCEPTION: mqt_native_modules
04-10 15:12:07.537 21811 21847 E AndroidRuntime: FATAL EXCEPTION: mqt_native_modules
[15:34:16] 🟡 STALL: 04-10 15:31:34.415 25567 25605 I ProviderInstaller: Installed default security provider GmsCore_OpenSSL
04-10 15:31:34.415 25567 25605 I katniss_search_SecurityProviderTask: Security provider installed.
04-10 15:31:34.459 25567 25646 W FlagRegistrar: Failed to register com.google.android.gms.providerinstaller#com.google.android.katniss
[15:34:25] 🔴 CRASH: 04-10 15:08:42.518 20035 20069 E AndroidRuntime: FATAL EXCEPTION: mqt_native_modules
04-10 15:12:07.537 21811 21847 E AndroidRuntime: FATAL EXCEPTION: mqt_native_modules
[15:34:25] 🟡 STALL: 04-10 15:31:34.415 25567 25605 I ProviderInstaller: Installed default security provider GmsCore_OpenSSL
04-10 15:31:34.415 25567 25605 I katniss_search_SecurityProviderTask: Security provider installed.
04-10 15:31:34.459 25567 25646 W FlagRegistrar: Failed to register com.google.android.gms.providerinstaller#com.google.android.katniss
[15:34:35] 🔴 CRASH: 04-10 15:08:42.518 20035 20069 E AndroidRuntime: FATAL EXCEPTION: mqt_native_modules
04-10 15:12:07.537 21811 21847 E AndroidRuntime: FATAL EXCEPTION: mqt_native_modules
[15:34:35] 🟡 STALL: 04-10 15:31:34.415 25567 25605 I ProviderInstaller: Installed default security provider GmsCore_OpenSSL
04-10 15:31:34.415 25567 25605 I katniss_search_SecurityProviderTask: Security provider installed.
04-10 15:31:34.459 25567 25646 W FlagRegistrar: Failed to register com.google.android.gms.providerinstaller#com.google.android.katniss
[15:34:44] 🔴 CRASH: 04-10 15:08:42.518 20035 20069 E AndroidRuntime: FATAL EXCEPTION: mqt_native_modules
04-10 15:12:07.537 21811 21847 E AndroidRuntime: FATAL EXCEPTION: mqt_native_modules
[15:34:44] 🟡 STALL: 04-10 15:31:34.415 25567 25605 I ProviderInstaller: Installed default security provider GmsCore_OpenSSL
04-10 15:31:34.415 25567 25605 I katniss_search_SecurityProviderTask: Security provider installed.
04-10 15:31:34.459 25567 25646 W FlagRegistrar: Failed to register com.google.android.gms.providerinstaller#com.google.android.katniss
[15:34:53] 🔴 CRASH: 04-10 15:08:42.518 20035 20069 E AndroidRuntime: FATAL EXCEPTION: mqt_native_modules
04-10 15:12:07.537 21811 21847 E AndroidRuntime: FATAL EXCEPTION: mqt_native_modules
[15:34:53] 🟡 STALL: 04-10 15:31:34.415 25567 25605 I ProviderInstaller: Installed default security provider GmsCore_OpenSSL
04-10 15:31:34.415 25567 25605 I katniss_search_SecurityProviderTask: Security provider installed.
04-10 15:31:34.459 25567 25646 W FlagRegistrar: Failed to register com.google.android.gms.providerinstaller#com.google.android.katniss
[15:35:03] 🔴 CRASH: 04-10 15:08:42.518 20035 20069 E AndroidRuntime: FATAL EXCEPTION: mqt_native_modules
04-10 15:12:07.537 21811 21847 E AndroidRuntime: FATAL EXCEPTION: mqt_native_modules
[15:35:03] 🟡 STALL: 04-10 15:31:34.415 25567 25605 I ProviderInstaller: Installed default security provider GmsCore_OpenSSL
04-10 15:31:34.415 25567 25605 I katniss_search_SecurityProviderTask: Security provider installed.
04-10 15:31:34.459 25567 25646 W FlagRegistrar: Failed to register com.google.android.gms.providerinstaller#com.google.android.katniss
[15:35:12] 🔴 CRASH: 04-10 15:08:42.518 20035 20069 E AndroidRuntime: FATAL EXCEPTION: mqt_native_modules
04-10 15:12:07.537 21811 21847 E AndroidRuntime: FATAL EXCEPTION: mqt_native_modules
[15:35:12] 🟡 STALL: 04-10 15:31:34.415 25567 25605 I ProviderInstaller: Installed default security provider GmsCore_OpenSSL
04-10 15:31:34.415 25567 25605 I katniss_search_SecurityProviderTask: Security provider installed.
04-10 15:31:34.459 25567 25646 W FlagRegistrar: Failed to register com.google.android.gms.providerinstaller#com.google.android.katniss
[15:35:21] 🔴 CRASH: 04-10 15:08:42.518 20035 20069 E AndroidRuntime: FATAL EXCEPTION: mqt_native_modules
04-10 15:12:07.537 21811 21847 E AndroidRuntime: FATAL EXCEPTION: mqt_native_modules
[15:35:21] 🟡 STALL: 04-10 15:35:20.225 26137 26170 I DefaultLPManager: #getInstalledPackages
04-10 15:35:20.225 26137 26170 I evi     : #getInstalledPackages
04-10 15:35:20.230 26137 26170 W SystemLPSourceImpl: #getAvailablePackages: Note there is not reason to call this method, as getInstalledPackages() returns the same LanguagePacks for this impl.
[15:35:32] 🔴 CRASH: 04-10 15:08:42.518 20035 20069 E AndroidRuntime: FATAL EXCEPTION: mqt_native_modules
04-10 15:12:07.537 21811 21847 E AndroidRuntime: FATAL EXCEPTION: mqt_native_modules
[15:35:32] 🟡 STALL: 04-10 15:35:20.225 26137 26170 I DefaultLPManager: #getInstalledPackages
04-10 15:35:20.225 26137 26170 I evi     : #getInstalledPackages
04-10 15:35:20.230 26137 26170 W SystemLPSourceImpl: #getAvailablePackages: Note there is not reason to call this method, as getInstalledPackages() returns the same LanguagePacks for this impl.
[15:35:41] 🔴 CRASH: 04-10 15:08:42.518 20035 20069 E AndroidRuntime: FATAL EXCEPTION: mqt_native_modules
04-10 15:12:07.537 21811 21847 E AndroidRuntime: FATAL EXCEPTION: mqt_native_modules
[15:35:41] 🟡 STALL: 04-10 15:35:20.225 26137 26170 I DefaultLPManager: #getInstalledPackages
04-10 15:35:20.225 26137 26170 I evi     : #getInstalledPackages
04-10 15:35:20.230 26137 26170 W SystemLPSourceImpl: #getAvailablePackages: Note there is not reason to call this method, as getInstalledPackages() returns the same LanguagePacks for this impl.
[15:35:51] 🔴 CRASH: 04-10 15:08:42.518 20035 20069 E AndroidRuntime: FATAL EXCEPTION: mqt_native_modules
04-10 15:12:07.537 21811 21847 E AndroidRuntime: FATAL EXCEPTION: mqt_native_modules
[15:35:51] 🟡 STALL: 04-10 15:35:20.225 26137 26170 I DefaultLPManager: #getInstalledPackages
04-10 15:35:20.225 26137 26170 I evi     : #getInstalledPackages
04-10 15:35:20.230 26137 26170 W SystemLPSourceImpl: #getAvailablePackages: Note there is not reason to call this method, as getInstalledPackages() returns the same LanguagePacks for this impl.
[15:36:00] 🔴 CRASH: 04-10 15:08:42.518 20035 20069 E AndroidRuntime: FATAL EXCEPTION: mqt_native_modules
04-10 15:12:07.537 21811 21847 E AndroidRuntime: FATAL EXCEPTION: mqt_native_modules
[15:36:00] 🟡 STALL: 04-10 15:35:20.225 26137 26170 I DefaultLPManager: #getInstalledPackages
04-10 15:35:20.225 26137 26170 I evi     : #getInstalledPackages
04-10 15:35:20.230 26137 26170 W SystemLPSourceImpl: #getAvailablePackages: Note there is not reason to call this method, as getInstalledPackages() returns the same LanguagePacks for this impl.
[15:36:10] 🔴 CRASH: 04-10 15:08:42.518 20035 20069 E AndroidRuntime: FATAL EXCEPTION: mqt_native_modules
04-10 15:12:07.537 21811 21847 E AndroidRuntime: FATAL EXCEPTION: mqt_native_modules
[15:36:10] 🟡 STALL: 04-10 15:35:20.225 26137 26170 I DefaultLPManager: #getInstalledPackages
04-10 15:35:20.225 26137 26170 I evi     : #getInstalledPackages
04-10 15:35:20.230 26137 26170 W SystemLPSourceImpl: #getAvailablePackages: Note there is not reason to call this method, as getInstalledPackages() returns the same LanguagePacks for this impl.
[15:36:19] 🔴 CRASH: 04-10 15:08:42.518 20035 20069 E AndroidRuntime: FATAL EXCEPTION: mqt_native_modules
04-10 15:12:07.537 21811 21847 E AndroidRuntime: FATAL EXCEPTION: mqt_native_modules
[15:36:19] 🟡 STALL: 04-10 15:35:20.225 26137 26170 I DefaultLPManager: #getInstalledPackages
04-10 15:35:20.225 26137 26170 I evi     : #getInstalledPackages
04-10 15:35:20.230 26137 26170 W SystemLPSourceImpl: #getAvailablePackages: Note there is not reason to call this method, as getInstalledPackages() returns the same LanguagePacks for this impl.
[15:36:28] 🔴 CRASH: 04-10 15:08:42.518 20035 20069 E AndroidRuntime: FATAL EXCEPTION: mqt_native_modules
04-10 15:12:07.537 21811 21847 E AndroidRuntime: FATAL EXCEPTION: mqt_native_modules
[15:36:28] 🟡 STALL: 04-10 15:35:20.225 26137 26170 I DefaultLPManager: #getInstalledPackages
04-10 15:35:20.225 26137 26170 I evi     : #getInstalledPackages
04-10 15:35:20.230 26137 26170 W SystemLPSourceImpl: #getAvailablePackages: Note there is not reason to call this method, as getInstalledPackages() returns the same LanguagePacks for this impl.
[15:36:38] 🔴 CRASH: 04-10 15:08:42.518 20035 20069 E AndroidRuntime: FATAL EXCEPTION: mqt_native_modules
04-10 15:12:07.537 21811 21847 E AndroidRuntime: FATAL EXCEPTION: mqt_native_modules
[15:36:38] 🟡 STALL: 04-10 15:35:20.225 26137 26170 I DefaultLPManager: #getInstalledPackages
04-10 15:35:20.225 26137 26170 I evi     : #getInstalledPackages
04-10 15:35:20.230 26137 26170 W SystemLPSourceImpl: #getAvailablePackages: Note there is not reason to call this method, as getInstalledPackages() returns the same LanguagePacks for this impl.
[15:36:47] 🔴 CRASH: 04-10 15:08:42.518 20035 20069 E AndroidRuntime: FATAL EXCEPTION: mqt_native_modules
04-10 15:12:07.537 21811 21847 E AndroidRuntime: FATAL EXCEPTION: mqt_native_modules
[15:36:47] 🟡 STALL: 04-10 15:35:20.225 26137 26170 I DefaultLPManager: #getInstalledPackages
04-10 15:35:20.225 26137 26170 I evi     : #getInstalledPackages
04-10 15:35:20.230 26137 26170 W SystemLPSourceImpl: #getAvailablePackages: Note there is not reason to call this method, as getInstalledPackages() returns the same LanguagePacks for this impl.
[15:36:58] 🔴 CRASH: 04-10 15:08:42.518 20035 20069 E AndroidRuntime: FATAL EXCEPTION: mqt_native_modules
04-10 15:12:07.537 21811 21847 E AndroidRuntime: FATAL EXCEPTION: mqt_native_modules
[15:36:58] 🟡 STALL: 04-10 15:35:20.225 26137 26170 I DefaultLPManager: #getInstalledPackages
04-10 15:35:20.225 26137 26170 I evi     : #getInstalledPackages
04-10 15:35:20.230 26137 26170 W SystemLPSourceImpl: #getAvailablePackages: Note there is not reason to call this method, as getInstalledPackages() returns the same LanguagePacks for this impl.
[15:37:07] 🔴 CRASH: 04-10 15:08:42.518 20035 20069 E AndroidRuntime: FATAL EXCEPTION: mqt_native_modules
04-10 15:12:07.537 21811 21847 E AndroidRuntime: FATAL EXCEPTION: mqt_native_modules
[15:37:07] 🟡 STALL: 04-10 15:35:20.225 26137 26170 I DefaultLPManager: #getInstalledPackages
04-10 15:35:20.225 26137 26170 I evi     : #getInstalledPackages
04-10 15:35:20.230 26137 26170 W SystemLPSourceImpl: #getAvailablePackages: Note there is not reason to call this method, as getInstalledPackages() returns the same LanguagePacks for this impl.
[15:37:16] 🔴 CRASH: 04-10 15:08:42.518 20035 20069 E AndroidRuntime: FATAL EXCEPTION: mqt_native_modules
04-10 15:12:07.537 21811 21847 E AndroidRuntime: FATAL EXCEPTION: mqt_native_modules
[15:37:16] 🟡 STALL: 04-10 15:35:20.225 26137 26170 I DefaultLPManager: #getInstalledPackages
04-10 15:35:20.225 26137 26170 I evi     : #getInstalledPackages
04-10 15:35:20.230 26137 26170 W SystemLPSourceImpl: #getAvailablePackages: Note there is not reason to call this method, as getInstalledPackages() returns the same LanguagePacks for this impl.
[15:37:26] 🔴 CRASH: 04-10 15:08:42.518 20035 20069 E AndroidRuntime: FATAL EXCEPTION: mqt_native_modules
04-10 15:12:07.537 21811 21847 E AndroidRuntime: FATAL EXCEPTION: mqt_native_modules
[15:37:26] 🟡 STALL: 04-10 15:35:20.225 26137 26170 I DefaultLPManager: #getInstalledPackages
04-10 15:35:20.225 26137 26170 I evi     : #getInstalledPackages
04-10 15:35:20.230 26137 26170 W SystemLPSourceImpl: #getAvailablePackages: Note there is not reason to call this method, as getInstalledPackages() returns the same LanguagePacks for this impl.
[15:37:36] 🔴 CRASH: 04-10 15:08:42.518 20035 20069 E AndroidRuntime: FATAL EXCEPTION: mqt_native_modules
04-10 15:12:07.537 21811 21847 E AndroidRuntime: FATAL EXCEPTION: mqt_native_modules
[15:37:36] 🟡 STALL: 04-10 15:35:20.225 26137 26170 I DefaultLPManager: #getInstalledPackages
04-10 15:35:20.225 26137 26170 I evi     : #getInstalledPackages
04-10 15:35:20.230 26137 26170 W SystemLPSourceImpl: #getAvailablePackages: Note there is not reason to call this method, as getInstalledPackages() returns the same LanguagePacks for this impl.
[15:37:46] 🔴 CRASH: 04-10 15:08:42.518 20035 20069 E AndroidRuntime: FATAL EXCEPTION: mqt_native_modules
04-10 15:12:07.537 21811 21847 E AndroidRuntime: FATAL EXCEPTION: mqt_native_modules
[15:37:46] 🟡 STALL: 04-10 15:35:20.225 26137 26170 I DefaultLPManager: #getInstalledPackages
04-10 15:35:20.225 26137 26170 I evi     : #getInstalledPackages
04-10 15:35:20.230 26137 26170 W SystemLPSourceImpl: #getAvailablePackages: Note there is not reason to call this method, as getInstalledPackages() returns the same LanguagePacks for this impl.
[15:37:55] 🔴 CRASH: 04-10 15:08:42.518 20035 20069 E AndroidRuntime: FATAL EXCEPTION: mqt_native_modules
04-10 15:12:07.537 21811 21847 E AndroidRuntime: FATAL EXCEPTION: mqt_native_modules
[15:37:55] 🟡 STALL: 04-10 15:35:20.225 26137 26170 I DefaultLPManager: #getInstalledPackages
04-10 15:35:20.225 26137 26170 I evi     : #getInstalledPackages
04-10 15:35:20.230 26137 26170 W SystemLPSourceImpl: #getAvailablePackages: Note there is not reason to call this method, as getInstalledPackages() returns the same LanguagePacks for this impl.
[15:38:04] 🔴 CRASH: 04-10 15:08:42.518 20035 20069 E AndroidRuntime: FATAL EXCEPTION: mqt_native_modules
04-10 15:12:07.537 21811 21847 E AndroidRuntime: FATAL EXCEPTION: mqt_native_modules
[15:38:04] 🟡 STALL: 04-10 15:35:20.225 26137 26170 I DefaultLPManager: #getInstalledPackages
04-10 15:35:20.225 26137 26170 I evi     : #getInstalledPackages
04-10 15:35:20.230 26137 26170 W SystemLPSourceImpl: #getAvailablePackages: Note there is not reason to call this method, as getInstalledPackages() returns the same LanguagePacks for this impl.
[15:38:14] 🔴 CRASH: 04-10 15:08:42.518 20035 20069 E AndroidRuntime: FATAL EXCEPTION: mqt_native_modules
04-10 15:12:07.537 21811 21847 E AndroidRuntime: FATAL EXCEPTION: mqt_native_modules
[15:38:14] 🟡 STALL: 04-10 15:35:20.225 26137 26170 I DefaultLPManager: #getInstalledPackages
04-10 15:35:20.225 26137 26170 I evi     : #getInstalledPackages
04-10 15:35:20.230 26137 26170 W SystemLPSourceImpl: #getAvailablePackages: Note there is not reason to call this method, as getInstalledPackages() returns the same LanguagePacks for this impl.
[15:38:23] 🔴 CRASH: 04-10 15:08:42.518 20035 20069 E AndroidRuntime: FATAL EXCEPTION: mqt_native_modules
04-10 15:12:07.537 21811 21847 E AndroidRuntime: FATAL EXCEPTION: mqt_native_modules
[15:38:23] 🟡 STALL: 04-10 15:35:20.225 26137 26170 I DefaultLPManager: #getInstalledPackages
04-10 15:35:20.225 26137 26170 I evi     : #getInstalledPackages
04-10 15:35:20.230 26137 26170 W SystemLPSourceImpl: #getAvailablePackages: Note there is not reason to call this method, as getInstalledPackages() returns the same LanguagePacks for this impl.
[15:38:33] 🔴 CRASH: 04-10 15:08:42.518 20035 20069 E AndroidRuntime: FATAL EXCEPTION: mqt_native_modules
04-10 15:12:07.537 21811 21847 E AndroidRuntime: FATAL EXCEPTION: mqt_native_modules
[15:38:33] 🟡 STALL: 04-10 15:35:20.225 26137 26170 I DefaultLPManager: #getInstalledPackages
04-10 15:35:20.225 26137 26170 I evi     : #getInstalledPackages
04-10 15:35:20.230 26137 26170 W SystemLPSourceImpl: #getAvailablePackages: Note there is not reason to call this method, as getInstalledPackages() returns the same LanguagePacks for this impl.
[15:38:42] 🔴 CRASH: 04-10 15:08:42.518 20035 20069 E AndroidRuntime: FATAL EXCEPTION: mqt_native_modules
04-10 15:12:07.537 21811 21847 E AndroidRuntime: FATAL EXCEPTION: mqt_native_modules
[15:38:42] 🟡 STALL: 04-10 15:35:20.225 26137 26170 I DefaultLPManager: #getInstalledPackages
04-10 15:35:20.225 26137 26170 I evi     : #getInstalledPackages
04-10 15:35:20.230 26137 26170 W SystemLPSourceImpl: #getAvailablePackages: Note there is not reason to call this method, as getInstalledPackages() returns the same LanguagePacks for this impl.
[15:38:52] 🔴 CRASH: 04-10 15:08:42.518 20035 20069 E AndroidRuntime: FATAL EXCEPTION: mqt_native_modules
04-10 15:12:07.537 21811 21847 E AndroidRuntime: FATAL EXCEPTION: mqt_native_modules
[15:38:52] 🟡 STALL: 04-10 15:35:20.225 26137 26170 I DefaultLPManager: #getInstalledPackages
04-10 15:35:20.225 26137 26170 I evi     : #getInstalledPackages
04-10 15:35:20.230 26137 26170 W SystemLPSourceImpl: #getAvailablePackages: Note there is not reason to call this method, as getInstalledPackages() returns the same LanguagePacks for this impl.
[15:39:01] 🔴 CRASH: 04-10 15:08:42.518 20035 20069 E AndroidRuntime: FATAL EXCEPTION: mqt_native_modules
04-10 15:12:07.537 21811 21847 E AndroidRuntime: FATAL EXCEPTION: mqt_native_modules
[15:39:01] 🟡 STALL: 04-10 15:35:20.225 26137 26170 I DefaultLPManager: #getInstalledPackages
04-10 15:35:20.225 26137 26170 I evi     : #getInstalledPackages
04-10 15:35:20.230 26137 26170 W SystemLPSourceImpl: #getAvailablePackages: Note there is not reason to call this method, as getInstalledPackages() returns the same LanguagePacks for this impl.
[15:39:11] 🔴 CRASH: 04-10 15:08:42.518 20035 20069 E AndroidRuntime: FATAL EXCEPTION: mqt_native_modules
04-10 15:12:07.537 21811 21847 E AndroidRuntime: FATAL EXCEPTION: mqt_native_modules
[15:39:11] 🟡 STALL: 04-10 15:35:20.225 26137 26170 I DefaultLPManager: #getInstalledPackages
04-10 15:35:20.225 26137 26170 I evi     : #getInstalledPackages
04-10 15:35:20.230 26137 26170 W SystemLPSourceImpl: #getAvailablePackages: Note there is not reason to call this method, as getInstalledPackages() returns the same LanguagePacks for this impl.
[15:39:20] 🔴 CRASH: 04-10 15:08:42.518 20035 20069 E AndroidRuntime: FATAL EXCEPTION: mqt_native_modules
04-10 15:12:07.537 21811 21847 E AndroidRuntime: FATAL EXCEPTION: mqt_native_modules
[15:39:20] 🟡 STALL: 04-10 15:35:20.225 26137 26170 I DefaultLPManager: #getInstalledPackages
04-10 15:35:20.225 26137 26170 I evi     : #getInstalledPackages
04-10 15:35:20.230 26137 26170 W SystemLPSourceImpl: #getAvailablePackages: Note there is not reason to call this method, as getInstalledPackages() returns the same LanguagePacks for this impl.
[15:39:32] 🔴 CRASH: 04-10 15:08:42.518 20035 20069 E AndroidRuntime: FATAL EXCEPTION: mqt_native_modules
04-10 15:12:07.537 21811 21847 E AndroidRuntime: FATAL EXCEPTION: mqt_native_modules
[15:39:32] 🟡 STALL: 04-10 15:35:20.225 26137 26170 I DefaultLPManager: #getInstalledPackages
04-10 15:35:20.225 26137 26170 I evi     : #getInstalledPackages
04-10 15:35:20.230 26137 26170 W SystemLPSourceImpl: #getAvailablePackages: Note there is not reason to call this method, as getInstalledPackages() returns the same LanguagePacks for this impl.
[15:39:41] 🔴 CRASH: 04-10 15:08:42.518 20035 20069 E AndroidRuntime: FATAL EXCEPTION: mqt_native_modules
04-10 15:12:07.537 21811 21847 E AndroidRuntime: FATAL EXCEPTION: mqt_native_modules
[15:39:41] 🟡 STALL: 04-10 15:35:20.225 26137 26170 I DefaultLPManager: #getInstalledPackages
04-10 15:35:20.225 26137 26170 I evi     : #getInstalledPackages
04-10 15:35:20.230 26137 26170 W SystemLPSourceImpl: #getAvailablePackages: Note there is not reason to call this method, as getInstalledPackages() returns the same LanguagePacks for this impl.
[15:39:51] 🔴 CRASH: 04-10 15:08:42.518 20035 20069 E AndroidRuntime: FATAL EXCEPTION: mqt_native_modules
04-10 15:12:07.537 21811 21847 E AndroidRuntime: FATAL EXCEPTION: mqt_native_modules
[15:39:51] 🟡 STALL: 04-10 15:35:20.225 26137 26170 I DefaultLPManager: #getInstalledPackages
04-10 15:35:20.225 26137 26170 I evi     : #getInstalledPackages
04-10 15:35:20.230 26137 26170 W SystemLPSourceImpl: #getAvailablePackages: Note there is not reason to call this method, as getInstalledPackages() returns the same LanguagePacks for this impl.
[15:40:03] 🔴 CRASH: 04-10 15:08:42.518 20035 20069 E AndroidRuntime: FATAL EXCEPTION: mqt_native_modules
04-10 15:12:07.537 21811 21847 E AndroidRuntime: FATAL EXCEPTION: mqt_native_modules
[15:40:03] 🟡 STALL: 04-10 15:35:20.225 26137 26170 I DefaultLPManager: #getInstalledPackages
04-10 15:35:20.225 26137 26170 I evi     : #getInstalledPackages
04-10 15:35:20.230 26137 26170 W SystemLPSourceImpl: #getAvailablePackages: Note there is not reason to call this method, as getInstalledPackages() returns the same LanguagePacks for this impl.
[15:40:13] 🔴 CRASH: 04-10 15:08:42.518 20035 20069 E AndroidRuntime: FATAL EXCEPTION: mqt_native_modules
04-10 15:12:07.537 21811 21847 E AndroidRuntime: FATAL EXCEPTION: mqt_native_modules
[15:40:13] 🟡 STALL: 04-10 15:35:20.225 26137 26170 I DefaultLPManager: #getInstalledPackages
04-10 15:35:20.225 26137 26170 I evi     : #getInstalledPackages
04-10 15:35:20.230 26137 26170 W SystemLPSourceImpl: #getAvailablePackages: Note there is not reason to call this method, as getInstalledPackages() returns the same LanguagePacks for this impl.
[15:40:22] 🔴 CRASH: 04-10 15:08:42.518 20035 20069 E AndroidRuntime: FATAL EXCEPTION: mqt_native_modules
04-10 15:12:07.537 21811 21847 E AndroidRuntime: FATAL EXCEPTION: mqt_native_modules
[15:40:22] 🟡 STALL: 04-10 15:35:20.225 26137 26170 I DefaultLPManager: #getInstalledPackages
04-10 15:35:20.225 26137 26170 I evi     : #getInstalledPackages
04-10 15:35:20.230 26137 26170 W SystemLPSourceImpl: #getAvailablePackages: Note there is not reason to call this method, as getInstalledPackages() returns the same LanguagePacks for this impl.
[15:40:34] 🔴 CRASH: 04-10 15:08:42.518 20035 20069 E AndroidRuntime: FATAL EXCEPTION: mqt_native_modules
04-10 15:12:07.537 21811 21847 E AndroidRuntime: FATAL EXCEPTION: mqt_native_modules
[15:40:34] 🟡 STALL: 04-10 15:35:20.225 26137 26170 I DefaultLPManager: #getInstalledPackages
04-10 15:35:20.225 26137 26170 I evi     : #getInstalledPackages
04-10 15:35:20.230 26137 26170 W SystemLPSourceImpl: #getAvailablePackages: Note there is not reason to call this method, as getInstalledPackages() returns the same LanguagePacks for this impl.
[15:40:43] 🔴 CRASH: 04-10 15:08:42.518 20035 20069 E AndroidRuntime: FATAL EXCEPTION: mqt_native_modules
04-10 15:12:07.537 21811 21847 E AndroidRuntime: FATAL EXCEPTION: mqt_native_modules
[15:40:43] 🟡 STALL: 04-10 15:35:20.225 26137 26170 I DefaultLPManager: #getInstalledPackages
04-10 15:35:20.225 26137 26170 I evi     : #getInstalledPackages
04-10 15:35:20.230 26137 26170 W SystemLPSourceImpl: #getAvailablePackages: Note there is not reason to call this method, as getInstalledPackages() returns the same LanguagePacks for this impl.
[15:40:53] 🔴 CRASH: 04-10 15:08:42.518 20035 20069 E AndroidRuntime: FATAL EXCEPTION: mqt_native_modules
04-10 15:12:07.537 21811 21847 E AndroidRuntime: FATAL EXCEPTION: mqt_native_modules
[15:40:53] 🟡 STALL: 04-10 15:35:20.225 26137 26170 I DefaultLPManager: #getInstalledPackages
04-10 15:35:20.225 26137 26170 I evi     : #getInstalledPackages
04-10 15:35:20.230 26137 26170 W SystemLPSourceImpl: #getAvailablePackages: Note there is not reason to call this method, as getInstalledPackages() returns the same LanguagePacks for this impl.
[15:41:03] 🔴 CRASH: 04-10 15:08:42.518 20035 20069 E AndroidRuntime: FATAL EXCEPTION: mqt_native_modules
04-10 15:12:07.537 21811 21847 E AndroidRuntime: FATAL EXCEPTION: mqt_native_modules
[15:41:03] 🟡 STALL: 04-10 15:35:20.225 26137 26170 I DefaultLPManager: #getInstalledPackages
04-10 15:35:20.225 26137 26170 I evi     : #getInstalledPackages
04-10 15:35:20.230 26137 26170 W SystemLPSourceImpl: #getAvailablePackages: Note there is not reason to call this method, as getInstalledPackages() returns the same LanguagePacks for this impl.
[15:41:13] 🔴 CRASH: 04-10 15:08:42.518 20035 20069 E AndroidRuntime: FATAL EXCEPTION: mqt_native_modules
04-10 15:12:07.537 21811 21847 E AndroidRuntime: FATAL EXCEPTION: mqt_native_modules
[15:41:13] 🟡 STALL: 04-10 15:35:20.225 26137 26170 I DefaultLPManager: #getInstalledPackages
04-10 15:35:20.225 26137 26170 I evi     : #getInstalledPackages
04-10 15:35:20.230 26137 26170 W SystemLPSourceImpl: #getAvailablePackages: Note there is not reason to call this method, as getInstalledPackages() returns the same LanguagePacks for this impl.
[15:41:22] 🔴 CRASH: 04-10 15:08:42.518 20035 20069 E AndroidRuntime: FATAL EXCEPTION: mqt_native_modules
04-10 15:12:07.537 21811 21847 E AndroidRuntime: FATAL EXCEPTION: mqt_native_modules
[15:41:22] 🟡 STALL: 04-10 15:35:20.225 26137 26170 I DefaultLPManager: #getInstalledPackages
04-10 15:35:20.225 26137 26170 I evi     : #getInstalledPackages
04-10 15:35:20.230 26137 26170 W SystemLPSourceImpl: #getAvailablePackages: Note there is not reason to call this method, as getInstalledPackages() returns the same LanguagePacks for this impl.
[15:41:33] 🔴 CRASH: 04-10 15:08:42.518 20035 20069 E AndroidRuntime: FATAL EXCEPTION: mqt_native_modules
04-10 15:12:07.537 21811 21847 E AndroidRuntime: FATAL EXCEPTION: mqt_native_modules
[15:41:33] 🟡 STALL: 04-10 15:35:20.225 26137 26170 I DefaultLPManager: #getInstalledPackages
04-10 15:35:20.225 26137 26170 I evi     : #getInstalledPackages
04-10 15:35:20.230 26137 26170 W SystemLPSourceImpl: #getAvailablePackages: Note there is not reason to call this method, as getInstalledPackages() returns the same LanguagePacks for this impl.
[15:41:43] 🔴 CRASH: 04-10 15:08:42.518 20035 20069 E AndroidRuntime: FATAL EXCEPTION: mqt_native_modules
04-10 15:12:07.537 21811 21847 E AndroidRuntime: FATAL EXCEPTION: mqt_native_modules
[15:41:43] 🟡 STALL: 04-10 15:35:20.225 26137 26170 I DefaultLPManager: #getInstalledPackages
04-10 15:35:20.225 26137 26170 I evi     : #getInstalledPackages
04-10 15:35:20.230 26137 26170 W SystemLPSourceImpl: #getAvailablePackages: Note there is not reason to call this method, as getInstalledPackages() returns the same LanguagePacks for this impl.
[15:41:53] 🔴 CRASH: 04-10 15:08:42.518 20035 20069 E AndroidRuntime: FATAL EXCEPTION: mqt_native_modules
04-10 15:12:07.537 21811 21847 E AndroidRuntime: FATAL EXCEPTION: mqt_native_modules
[15:41:53] 🟡 STALL: 04-10 15:35:20.225 26137 26170 I DefaultLPManager: #getInstalledPackages
04-10 15:35:20.225 26137 26170 I evi     : #getInstalledPackages
04-10 15:35:20.230 26137 26170 W SystemLPSourceImpl: #getAvailablePackages: Note there is not reason to call this method, as getInstalledPackages() returns the same LanguagePacks for this impl.
[15:42:03] 🔴 CRASH: 04-10 15:08:42.518 20035 20069 E AndroidRuntime: FATAL EXCEPTION: mqt_native_modules
04-10 15:12:07.537 21811 21847 E AndroidRuntime: FATAL EXCEPTION: mqt_native_modules
[15:42:03] 🟡 STALL: 04-10 15:35:20.225 26137 26170 I DefaultLPManager: #getInstalledPackages
04-10 15:35:20.225 26137 26170 I evi     : #getInstalledPackages
04-10 15:35:20.230 26137 26170 W SystemLPSourceImpl: #getAvailablePackages: Note there is not reason to call this method, as getInstalledPackages() returns the same LanguagePacks for this impl.
[15:42:13] 🔴 CRASH: 04-10 15:08:42.518 20035 20069 E AndroidRuntime: FATAL EXCEPTION: mqt_native_modules
04-10 15:12:07.537 21811 21847 E AndroidRuntime: FATAL EXCEPTION: mqt_native_modules
[15:42:13] 🟡 STALL: 04-10 15:35:20.225 26137 26170 I DefaultLPManager: #getInstalledPackages
04-10 15:35:20.225 26137 26170 I evi     : #getInstalledPackages
04-10 15:35:20.230 26137 26170 W SystemLPSourceImpl: #getAvailablePackages: Note there is not reason to call this method, as getInstalledPackages() returns the same LanguagePacks for this impl.
[15:42:22] 🔴 CRASH: 04-10 15:08:42.518 20035 20069 E AndroidRuntime: FATAL EXCEPTION: mqt_native_modules
04-10 15:12:07.537 21811 21847 E AndroidRuntime: FATAL EXCEPTION: mqt_native_modules
[15:42:22] 🟡 STALL: 04-10 15:35:20.225 26137 26170 I DefaultLPManager: #getInstalledPackages
04-10 15:35:20.225 26137 26170 I evi     : #getInstalledPackages
04-10 15:35:20.230 26137 26170 W SystemLPSourceImpl: #getAvailablePackages: Note there is not reason to call this method, as getInstalledPackages() returns the same LanguagePacks for this impl.
[15:42:34] 🔴 CRASH: 04-10 15:08:42.518 20035 20069 E AndroidRuntime: FATAL EXCEPTION: mqt_native_modules
04-10 15:12:07.537 21811 21847 E AndroidRuntime: FATAL EXCEPTION: mqt_native_modules
[15:42:34] 🟡 STALL: 04-10 15:35:20.225 26137 26170 I DefaultLPManager: #getInstalledPackages
04-10 15:35:20.225 26137 26170 I evi     : #getInstalledPackages
04-10 15:35:20.230 26137 26170 W SystemLPSourceImpl: #getAvailablePackages: Note there is not reason to call this method, as getInstalledPackages() returns the same LanguagePacks for this impl.
[15:42:44] 🔴 CRASH: 04-10 15:08:42.518 20035 20069 E AndroidRuntime: FATAL EXCEPTION: mqt_native_modules
04-10 15:12:07.537 21811 21847 E AndroidRuntime: FATAL EXCEPTION: mqt_native_modules
[15:42:44] 🟡 STALL: 04-10 15:35:20.225 26137 26170 I DefaultLPManager: #getInstalledPackages
04-10 15:35:20.225 26137 26170 I evi     : #getInstalledPackages
04-10 15:35:20.230 26137 26170 W SystemLPSourceImpl: #getAvailablePackages: Note there is not reason to call this method, as getInstalledPackages() returns the same LanguagePacks for this impl.
[15:42:54] 🔴 CRASH: 04-10 15:08:42.518 20035 20069 E AndroidRuntime: FATAL EXCEPTION: mqt_native_modules
04-10 15:12:07.537 21811 21847 E AndroidRuntime: FATAL EXCEPTION: mqt_native_modules
[15:42:54] 🟡 STALL: 04-10 15:35:20.225 26137 26170 I DefaultLPManager: #getInstalledPackages
04-10 15:35:20.225 26137 26170 I evi     : #getInstalledPackages
04-10 15:35:20.230 26137 26170 W SystemLPSourceImpl: #getAvailablePackages: Note there is not reason to call this method, as getInstalledPackages() returns the same LanguagePacks for this impl.
[15:43:05] 🔴 CRASH: 04-10 15:08:42.518 20035 20069 E AndroidRuntime: FATAL EXCEPTION: mqt_native_modules
04-10 15:12:07.537 21811 21847 E AndroidRuntime: FATAL EXCEPTION: mqt_native_modules
[15:43:05] 🟡 STALL: 04-10 15:35:20.225 26137 26170 I evi     : #getInstalledPackages
04-10 15:35:20.230 26137 26170 W SystemLPSourceImpl: #getAvailablePackages: Note there is not reason to call this method, as getInstalledPackages() returns the same LanguagePacks for this impl.
04-10 15:42:59.280 23739 27194 D AudioTrack: getTimestamp_l(86): device stall time corrected using current time 18151078937867
[15:43:15] 🔴 CRASH: 04-10 15:08:42.518 20035 20069 E AndroidRuntime: FATAL EXCEPTION: mqt_native_modules
04-10 15:12:07.537 21811 21847 E AndroidRuntime: FATAL EXCEPTION: mqt_native_modules
[15:43:15] 🟡 STALL: 04-10 15:43:15.582 27383 27383 I DynamiteModule: Considering local module com.google.android.gms.providerinstaller.dynamite:1 and remote module com.google.android.gms.providerinstaller.dynamite:0
04-10 15:43:15.583 27383 27383 I DynamiteModule: Selected local version of com.google.android.gms.providerinstaller.dynamite
04-10 15:43:15.890 27383 27383 I ProviderInstaller: Installed default security provider GmsCore_OpenSSL
[15:43:29] 🔴 CRASH: 04-10 15:08:42.518 20035 20069 E AndroidRuntime: FATAL EXCEPTION: mqt_native_modules
04-10 15:12:07.537 21811 21847 E AndroidRuntime: FATAL EXCEPTION: mqt_native_modules
[15:43:29] 🟡 STALL: 04-10 15:43:15.582 27383 27383 I DynamiteModule: Considering local module com.google.android.gms.providerinstaller.dynamite:1 and remote module com.google.android.gms.providerinstaller.dynamite:0
04-10 15:43:15.583 27383 27383 I DynamiteModule: Selected local version of com.google.android.gms.providerinstaller.dynamite
04-10 15:43:15.890 27383 27383 I ProviderInstaller: Installed default security provider GmsCore_OpenSSL
[15:43:40] 🔴 CRASH: 04-10 15:08:42.518 20035 20069 E AndroidRuntime: FATAL EXCEPTION: mqt_native_modules
04-10 15:12:07.537 21811 21847 E AndroidRuntime: FATAL EXCEPTION: mqt_native_modules
[15:43:40] 🟡 STALL: 04-10 15:43:15.890 27383 27383 I ProviderInstaller: Installed default security provider GmsCore_OpenSSL
04-10 15:43:33.266 23739 27480 D AudioTrack: getTimestamp_l(87): device stall time corrected using current time 18185065195675
04-10 15:43:38.294 23739 27516 D AudioTrack: getTimestamp_l(88): device stall time corrected using current time 18190093385926
[15:43:51] 🔴 CRASH: 04-10 15:08:42.518 20035 20069 E AndroidRuntime: FATAL EXCEPTION: mqt_native_modules
04-10 15:12:07.537 21811 21847 E AndroidRuntime: FATAL EXCEPTION: mqt_native_modules
[15:43:51] 🟡 STALL: 04-10 15:43:33.266 23739 27480 D AudioTrack: getTimestamp_l(87): device stall time corrected using current time 18185065195675
04-10 15:43:38.294 23739 27516 D AudioTrack: getTimestamp_l(88): device stall time corrected using current time 18190093385926
04-10 15:43:41.704 23739 27516 D AudioTrack: getTimestamp_l(89): device stall time corrected using current time 18193503739683
[15:44:02] 🔴 CRASH: 04-10 15:08:42.518 20035 20069 E AndroidRuntime: FATAL EXCEPTION: mqt_native_modules
04-10 15:12:07.537 21811 21847 E AndroidRuntime: FATAL EXCEPTION: mqt_native_modules
[15:44:02] 🟡 STALL: 04-10 15:43:33.266 23739 27480 D AudioTrack: getTimestamp_l(87): device stall time corrected using current time 18185065195675
04-10 15:43:38.294 23739 27516 D AudioTrack: getTimestamp_l(88): device stall time corrected using current time 18190093385926
04-10 15:43:41.704 23739 27516 D AudioTrack: getTimestamp_l(89): device stall time corrected using current time 18193503739683
[15:44:13] 🔴 CRASH: 04-10 15:08:42.518 20035 20069 E AndroidRuntime: FATAL EXCEPTION: mqt_native_modules
04-10 15:12:07.537 21811 21847 E AndroidRuntime: FATAL EXCEPTION: mqt_native_modules
[15:44:13] 🟡 STALL: 04-10 15:43:33.266 23739 27480 D AudioTrack: getTimestamp_l(87): device stall time corrected using current time 18185065195675
04-10 15:43:38.294 23739 27516 D AudioTrack: getTimestamp_l(88): device stall time corrected using current time 18190093385926
04-10 15:43:41.704 23739 27516 D AudioTrack: getTimestamp_l(89): device stall time corrected using current time 18193503739683
[15:44:24] 🔴 CRASH: 04-10 15:08:42.518 20035 20069 E AndroidRuntime: FATAL EXCEPTION: mqt_native_modules
04-10 15:12:07.537 21811 21847 E AndroidRuntime: FATAL EXCEPTION: mqt_native_modules
[15:44:24] 🟡 STALL: 04-10 15:43:41.704 23739 27516 D AudioTrack: getTimestamp_l(89): device stall time corrected using current time 18193503739683
04-10 15:44:15.033 23739 27516 D AudioTrack: getTimestamp_l(90): device stall time corrected using current time 18226832103425
04-10 15:44:19.522 23739 27516 D AudioTrack: getTimestamp_l(92): device stall time corrected using current time 18231321123289
[15:44:35] 🔴 CRASH: 04-10 15:08:42.518 20035 20069 E AndroidRuntime: FATAL EXCEPTION: mqt_native_modules
04-10 15:12:07.537 21811 21847 E AndroidRuntime: FATAL EXCEPTION: mqt_native_modules
[15:44:35] 🟡 STALL: 04-10 15:44:15.033 23739 27516 D AudioTrack: getTimestamp_l(90): device stall time corrected using current time 18226832103425
04-10 15:44:19.522 23739 27516 D AudioTrack: getTimestamp_l(92): device stall time corrected using current time 18231321123289
04-10 15:44:33.609 23739 27516 D AudioTrack: getTimestamp_l(97): device stall time corrected using current time 18245408595028
[15:44:47] 🔴 CRASH: 04-10 15:08:42.518 20035 20069 E AndroidRuntime: FATAL EXCEPTION: mqt_native_modules
04-10 15:12:07.537 21811 21847 E AndroidRuntime: FATAL EXCEPTION: mqt_native_modules
[15:44:47] 🟡 STALL: 04-10 15:44:33.609 23739 27516 D AudioTrack: getTimestamp_l(97): device stall time corrected using current time 18245408595028
04-10 15:44:38.516 23739 27516 D AudioTrack: getTimestamp_l(98): device stall time corrected using current time 18250315102767
04-10 15:44:45.588 23739 27516 D AudioTrack: getTimestamp_l(99): device stall time corrected using current time 18257387728306
[15:44:58] 🔴 CRASH: 04-10 15:08:42.518 20035 20069 E AndroidRuntime: FATAL EXCEPTION: mqt_native_modules
04-10 15:12:07.537 21811 21847 E AndroidRuntime: FATAL EXCEPTION: mqt_native_modules
[15:44:58] 🟡 STALL: 04-10 15:44:33.609 23739 27516 D AudioTrack: getTimestamp_l(97): device stall time corrected using current time 18245408595028
04-10 15:44:38.516 23739 27516 D AudioTrack: getTimestamp_l(98): device stall time corrected using current time 18250315102767
04-10 15:44:45.588 23739 27516 D AudioTrack: getTimestamp_l(99): device stall time corrected using current time 18257387728306
[15:45:09] 🔴 CRASH: 04-10 15:08:42.518 20035 20069 E AndroidRuntime: FATAL EXCEPTION: mqt_native_modules
04-10 15:12:07.537 21811 21847 E AndroidRuntime: FATAL EXCEPTION: mqt_native_modules
[15:45:09] 🟡 STALL: 04-10 15:44:38.516 23739 27516 D AudioTrack: getTimestamp_l(98): device stall time corrected using current time 18250315102767
04-10 15:44:45.588 23739 27516 D AudioTrack: getTimestamp_l(99): device stall time corrected using current time 18257387728306
04-10 15:45:09.332 23739 27516 D AudioTrack: getTimestamp_l(100): device stall time corrected using current time 18281131806008
[15:45:21] 🔴 CRASH: 04-10 15:08:42.518 20035 20069 E AndroidRuntime: FATAL EXCEPTION: mqt_native_modules
04-10 15:12:07.537 21811 21847 E AndroidRuntime: FATAL EXCEPTION: mqt_native_modules
[15:45:21] 🟡 STALL: 04-10 15:45:09.332 23739 27516 D AudioTrack: getTimestamp_l(100): device stall time corrected using current time 18281131806008
04-10 15:45:12.954 23739 27516 D AudioTrack: getTimestamp_l(101): device stall time corrected using current time 18284753863703
04-10 15:45:15.204 23739 27516 D AudioTrack: getTimestamp_l(102): device stall time corrected using current time 18287003460094
[15:45:34] 🔴 CRASH: 04-10 15:08:42.518 20035 20069 E AndroidRuntime: FATAL EXCEPTION: mqt_native_modules
04-10 15:12:07.537 21811 21847 E AndroidRuntime: FATAL EXCEPTION: mqt_native_modules
[15:45:34] 🟡 STALL: 04-10 15:45:12.954 23739 27516 D AudioTrack: getTimestamp_l(101): device stall time corrected using current time 18284753863703
04-10 15:45:15.204 23739 27516 D AudioTrack: getTimestamp_l(102): device stall time corrected using current time 18287003460094
04-10 15:45:32.221 23739 27516 D AudioTrack: getTimestamp_l(104): device stall time corrected using current time 18304020772375
[15:45:45] 🔴 CRASH: 04-10 15:08:42.518 20035 20069 E AndroidRuntime: FATAL EXCEPTION: mqt_native_modules
04-10 15:12:07.537 21811 21847 E AndroidRuntime: FATAL EXCEPTION: mqt_native_modules
[15:45:45] 🟡 STALL: 04-10 15:45:32.221 23739 27516 D AudioTrack: getTimestamp_l(104): device stall time corrected using current time 18304020772375
04-10 15:45:35.672 23739 27516 D AudioTrack: getTimestamp_l(105): device stall time corrected using current time 18307470804386
04-10 15:45:40.288 23739 27516 D AudioTrack: getTimestamp_l(106): device stall time corrected using current time 18312087241680
[15:45:58] 🔴 CRASH: 04-10 15:08:42.518 20035 20069 E AndroidRuntime: FATAL EXCEPTION: mqt_native_modules
04-10 15:12:07.537 21811 21847 E AndroidRuntime: FATAL EXCEPTION: mqt_native_modules
[15:45:58] 🟡 STALL: 04-10 15:45:47.027 23739 27516 D AudioTrack: getTimestamp_l(108): device stall time corrected using current time 18318825928019
04-10 15:45:51.163 23739 27516 D AudioTrack: getTimestamp_l(110): device stall time corrected using current time 18322962712098
04-10 15:45:57.739 23739 27516 D AudioTrack: getTimestamp_l(111): device stall time corrected using current time 18329538663504
[15:46:10] 🔴 CRASH: 04-10 15:08:42.518 20035 20069 E AndroidRuntime: FATAL EXCEPTION: mqt_native_modules
04-10 15:12:07.537 21811 21847 E AndroidRuntime: FATAL EXCEPTION: mqt_native_modules
[15:46:10] 🟡 STALL: 04-10 15:45:57.739 23739 27516 D AudioTrack: getTimestamp_l(111): device stall time corrected using current time 18329538663504
04-10 15:46:04.724 23739 27516 D AudioTrack: getTimestamp_l(112): device stall time corrected using current time 18336523826451
04-10 15:46:06.965 23739 27516 D AudioTrack: getTimestamp_l(113): device stall time corrected using current time 18338764368258
[15:46:21] 🔴 CRASH: 04-10 15:08:42.518 20035 20069 E AndroidRuntime: FATAL EXCEPTION: mqt_native_modules
04-10 15:12:07.537 21811 21847 E AndroidRuntime: FATAL EXCEPTION: mqt_native_modules
[15:46:21] 🟡 STALL: 04-10 15:46:06.965 23739 27516 D AudioTrack: getTimestamp_l(113): device stall time corrected using current time 18338764368258
04-10 15:46:17.689 23739 27516 D AudioTrack: getTimestamp_l(113): device stall time corrected using current time 18349488873328
04-10 15:46:22.140 23739 27516 D AudioTrack: getTimestamp_l(113): device stall time corrected using current time 18353939788855
[15:46:35] 🔴 CRASH: 04-10 15:08:42.518 20035 20069 E AndroidRuntime: FATAL EXCEPTION: mqt_native_modules
04-10 15:12:07.537 21811 21847 E AndroidRuntime: FATAL EXCEPTION: mqt_native_modules
[15:46:35] 🟡 STALL: 04-10 15:46:17.689 23739 27516 D AudioTrack: getTimestamp_l(113): device stall time corrected using current time 18349488873328
04-10 15:46:22.140 23739 27516 D AudioTrack: getTimestamp_l(113): device stall time corrected using current time 18353939788855
04-10 15:46:35.114 23739 27516 D AudioTrack: getTimestamp_l(113): device stall time corrected using current time 18366913129733
[15:46:50] 🔴 CRASH: 04-10 15:08:42.518 20035 20069 E AndroidRuntime: FATAL EXCEPTION: mqt_native_modules
04-10 15:12:07.537 21811 21847 E AndroidRuntime: FATAL EXCEPTION: mqt_native_modules
[15:46:50] 🟡 STALL: 04-10 15:46:17.689 23739 27516 D AudioTrack: getTimestamp_l(113): device stall time corrected using current time 18349488873328
04-10 15:46:22.140 23739 27516 D AudioTrack: getTimestamp_l(113): device stall time corrected using current time 18353939788855
04-10 15:46:35.114 23739 27516 D AudioTrack: getTimestamp_l(113): device stall time corrected using current time 18366913129733
[15:47:02] 🔴 CRASH: 04-10 15:08:42.518 20035 20069 E AndroidRuntime: FATAL EXCEPTION: mqt_native_modules
04-10 15:12:07.537 21811 21847 E AndroidRuntime: FATAL EXCEPTION: mqt_native_modules
[15:47:02] 🟡 STALL: 04-10 15:46:22.140 23739 27516 D AudioTrack: getTimestamp_l(113): device stall time corrected using current time 18353939788855
04-10 15:46:35.114 23739 27516 D AudioTrack: getTimestamp_l(113): device stall time corrected using current time 18366913129733
04-10 15:46:57.963 23739 27516 D AudioTrack: getTimestamp_l(113): device stall time corrected using current time 18389762664346
[15:47:14] 🔴 CRASH: 04-10 15:08:42.518 20035 20069 E AndroidRuntime: FATAL EXCEPTION: mqt_native_modules
04-10 15:12:07.537 21811 21847 E AndroidRuntime: FATAL EXCEPTION: mqt_native_modules
[15:47:14] 🟡 STALL: 04-10 15:46:35.114 23739 27516 D AudioTrack: getTimestamp_l(113): device stall time corrected using current time 18366913129733
04-10 15:46:57.963 23739 27516 D AudioTrack: getTimestamp_l(113): device stall time corrected using current time 18389762664346
04-10 15:47:13.637 23739 28038 D AudioTrack: getTimestamp_l(114): device stall time corrected using current time 18405436527076
[15:47:28] 🔴 CRASH: 04-10 15:08:42.518 20035 20069 E AndroidRuntime: FATAL EXCEPTION: mqt_native_modules
04-10 15:12:07.537 21811 21847 E AndroidRuntime: FATAL EXCEPTION: mqt_native_modules
[15:47:28] 🟡 STALL: 04-10 15:46:35.114 23739 27516 D AudioTrack: getTimestamp_l(113): device stall time corrected using current time 18366913129733
04-10 15:46:57.963 23739 27516 D AudioTrack: getTimestamp_l(113): device stall time corrected using current time 18389762664346
04-10 15:47:13.637 23739 28038 D AudioTrack: getTimestamp_l(114): device stall time corrected using current time 18405436527076
[15:47:41] 🔴 CRASH: 04-10 15:08:42.518 20035 20069 E AndroidRuntime: FATAL EXCEPTION: mqt_native_modules
04-10 15:12:07.537 21811 21847 E AndroidRuntime: FATAL EXCEPTION: mqt_native_modules
[15:47:41] 🟡 STALL: 04-10 15:46:35.114 23739 27516 D AudioTrack: getTimestamp_l(113): device stall time corrected using current time 18366913129733
04-10 15:46:57.963 23739 27516 D AudioTrack: getTimestamp_l(113): device stall time corrected using current time 18389762664346
04-10 15:47:13.637 23739 28038 D AudioTrack: getTimestamp_l(114): device stall time corrected using current time 18405436527076
[15:47:54] 🔴 CRASH: 04-10 15:08:42.518 20035 20069 E AndroidRuntime: FATAL EXCEPTION: mqt_native_modules
04-10 15:12:07.537 21811 21847 E AndroidRuntime: FATAL EXCEPTION: mqt_native_modules
[15:47:54] 🟡 STALL: 04-10 15:46:35.114 23739 27516 D AudioTrack: getTimestamp_l(113): device stall time corrected using current time 18366913129733
04-10 15:46:57.963 23739 27516 D AudioTrack: getTimestamp_l(113): device stall time corrected using current time 18389762664346
04-10 15:47:13.637 23739 28038 D AudioTrack: getTimestamp_l(114): device stall time corrected using current time 18405436527076
[15:48:08] 🔴 CRASH: 04-10 15:08:42.518 20035 20069 E AndroidRuntime: FATAL EXCEPTION: mqt_native_modules
04-10 15:12:07.537 21811 21847 E AndroidRuntime: FATAL EXCEPTION: mqt_native_modules
[15:48:08] 🟡 STALL: 04-10 15:46:57.963 23739 27516 D AudioTrack: getTimestamp_l(113): device stall time corrected using current time 18389762664346
04-10 15:47:13.637 23739 28038 D AudioTrack: getTimestamp_l(114): device stall time corrected using current time 18405436527076
04-10 15:48:07.006 23739 28173 D AudioTrack: getTimestamp_l(117): device stall time corrected using current time 18458805042817
[15:48:21] 🔴 CRASH: 04-10 15:08:42.518 20035 20069 E AndroidRuntime: FATAL EXCEPTION: mqt_native_modules
04-10 15:12:07.537 21811 21847 E AndroidRuntime: FATAL EXCEPTION: mqt_native_modules
[15:48:21] 🟡 STALL: 04-10 15:46:57.963 23739 27516 D AudioTrack: getTimestamp_l(113): device stall time corrected using current time 18389762664346
04-10 15:47:13.637 23739 28038 D AudioTrack: getTimestamp_l(114): device stall time corrected using current time 18405436527076
04-10 15:48:07.006 23739 28173 D AudioTrack: getTimestamp_l(117): device stall time corrected using current time 18458805042817
[15:48:37] 🔴 CRASH: 04-10 15:08:42.518 20035 20069 E AndroidRuntime: FATAL EXCEPTION: mqt_native_modules
04-10 15:12:07.537 21811 21847 E AndroidRuntime: FATAL EXCEPTION: mqt_native_modules
[15:48:37] 🟡 STALL: 04-10 15:47:13.637 23739 28038 D AudioTrack: getTimestamp_l(114): device stall time corrected using current time 18405436527076
04-10 15:48:07.006 23739 28173 D AudioTrack: getTimestamp_l(117): device stall time corrected using current time 18458805042817
04-10 15:48:36.812 23739 28390 D AudioTrack: getTimestamp_l(121): device stall time corrected using current time 18488611255290
[15:48:51] 🔴 CRASH: 04-10 15:08:42.518 20035 20069 E AndroidRuntime: FATAL EXCEPTION: mqt_native_modules
04-10 15:12:07.537 21811 21847 E AndroidRuntime: FATAL EXCEPTION: mqt_native_modules
[15:48:51] 🟡 STALL: 04-10 15:48:07.006 23739 28173 D AudioTrack: getTimestamp_l(117): device stall time corrected using current time 18458805042817
04-10 15:48:36.812 23739 28390 D AudioTrack: getTimestamp_l(121): device stall time corrected using current time 18488611255290
04-10 15:48:38.564 23739 28390 D AudioTrack: getTimestamp_l(121): device stall time corrected using current time 18490363268715
[15:49:04] 🔴 CRASH: 04-10 15:08:42.518 20035 20069 E AndroidRuntime: FATAL EXCEPTION: mqt_native_modules
04-10 15:12:07.537 21811 21847 E AndroidRuntime: FATAL EXCEPTION: mqt_native_modules
[15:49:04] 🟡 STALL: 04-10 15:48:36.812 23739 28390 D AudioTrack: getTimestamp_l(121): device stall time corrected using current time 18488611255290
04-10 15:48:38.564 23739 28390 D AudioTrack: getTimestamp_l(121): device stall time corrected using current time 18490363268715
04-10 15:48:59.385 23739 28390 D AudioTrack: getTimestamp_l(121): device stall time corrected using current time 18511184233709
[15:49:17] 🔴 CRASH: 04-10 15:08:42.518 20035 20069 E AndroidRuntime: FATAL EXCEPTION: mqt_native_modules
04-10 15:12:07.537 21811 21847 E AndroidRuntime: FATAL EXCEPTION: mqt_native_modules
[15:49:17] 🟡 STALL: 04-10 15:48:38.564 23739 28390 D AudioTrack: getTimestamp_l(121): device stall time corrected using current time 18490363268715
04-10 15:48:59.385 23739 28390 D AudioTrack: getTimestamp_l(121): device stall time corrected using current time 18511184233709
04-10 15:49:09.334 23739 28390 D AudioTrack: getTimestamp_l(121): device stall time corrected using current time 18521132962035
[15:49:30] 🔴 CRASH: 04-10 15:08:42.518 20035 20069 E AndroidRuntime: FATAL EXCEPTION: mqt_native_modules
04-10 15:12:07.537 21811 21847 E AndroidRuntime: FATAL EXCEPTION: mqt_native_modules
[15:49:30] 🟡 STALL: 04-10 15:49:09.334 23739 28390 D AudioTrack: getTimestamp_l(121): device stall time corrected using current time 18521132962035
04-10 15:49:18.232 23739 28390 D AudioTrack: getTimestamp_l(121): device stall time corrected using current time 18530031108922
04-10 15:49:28.414 23739 28390 D AudioTrack: getTimestamp_l(122): device stall time corrected using current time 18540213603021
[15:49:43] 🔴 CRASH: 04-10 15:08:42.518 20035 20069 E AndroidRuntime: FATAL EXCEPTION: mqt_native_modules
04-10 15:12:07.537 21811 21847 E AndroidRuntime: FATAL EXCEPTION: mqt_native_modules
[15:49:43] 🟡 STALL: 04-10 15:49:18.232 23739 28390 D AudioTrack: getTimestamp_l(121): device stall time corrected using current time 18530031108922
04-10 15:49:28.414 23739 28390 D AudioTrack: getTimestamp_l(122): device stall time corrected using current time 18540213603021
04-10 15:49:36.169 23739 28390 D AudioTrack: getTimestamp_l(124): device stall time corrected using current time 18547968590045
[15:49:57] 🔴 CRASH: 04-10 15:08:42.518 20035 20069 E AndroidRuntime: FATAL EXCEPTION: mqt_native_modules
04-10 15:12:07.537 21811 21847 E AndroidRuntime: FATAL EXCEPTION: mqt_native_modules
[15:49:57] 🟡 STALL: 04-10 15:49:18.232 23739 28390 D AudioTrack: getTimestamp_l(121): device stall time corrected using current time 18530031108922
04-10 15:49:28.414 23739 28390 D AudioTrack: getTimestamp_l(122): device stall time corrected using current time 18540213603021
04-10 15:49:36.169 23739 28390 D AudioTrack: getTimestamp_l(124): device stall time corrected using current time 18547968590045
[15:50:10] 🔴 CRASH: 04-10 15:08:42.518 20035 20069 E AndroidRuntime: FATAL EXCEPTION: mqt_native_modules
04-10 15:12:07.537 21811 21847 E AndroidRuntime: FATAL EXCEPTION: mqt_native_modules
[15:50:10] 🟡 STALL: 04-10 15:49:28.414 23739 28390 D AudioTrack: getTimestamp_l(122): device stall time corrected using current time 18540213603021
04-10 15:49:36.169 23739 28390 D AudioTrack: getTimestamp_l(124): device stall time corrected using current time 18547968590045
04-10 15:50:09.176 23739 28390 D AudioTrack: getTimestamp_l(135): device stall time corrected using current time 18580975760088
[15:50:24] 🔴 CRASH: 04-10 15:08:42.518 20035 20069 E AndroidRuntime: FATAL EXCEPTION: mqt_native_modules
04-10 15:12:07.537 21811 21847 E AndroidRuntime: FATAL EXCEPTION: mqt_native_modules
[15:50:24] 🟡 STALL: 04-10 15:50:09.176 23739 28390 D AudioTrack: getTimestamp_l(135): device stall time corrected using current time 18580975760088
04-10 15:50:14.284 23739 28390 D AudioTrack: getTimestamp_l(137): device stall time corrected using current time 18586083255097
04-10 15:50:15.680 23739 28390 D AudioTrack: getTimestamp_l(137): device stall time corrected using current time 18587479009570
[15:50:38] 🔴 CRASH: 04-10 15:08:42.518 20035 20069 E AndroidRuntime: FATAL EXCEPTION: mqt_native_modules
04-10 15:12:07.537 21811 21847 E AndroidRuntime: FATAL EXCEPTION: mqt_native_modules
[15:50:38] 🟡 STALL: 04-10 15:50:09.176 23739 28390 D AudioTrack: getTimestamp_l(135): device stall time corrected using current time 18580975760088
04-10 15:50:14.284 23739 28390 D AudioTrack: getTimestamp_l(137): device stall time corrected using current time 18586083255097
04-10 15:50:15.680 23739 28390 D AudioTrack: getTimestamp_l(137): device stall time corrected using current time 18587479009570
[15:50:52] 🔴 CRASH: 04-10 15:08:42.518 20035 20069 E AndroidRuntime: FATAL EXCEPTION: mqt_native_modules
04-10 15:12:07.537 21811 21847 E AndroidRuntime: FATAL EXCEPTION: mqt_native_modules
[15:50:52] 🟡 STALL: 04-10 15:50:14.284 23739 28390 D AudioTrack: getTimestamp_l(137): device stall time corrected using current time 18586083255097
04-10 15:50:15.680 23739 28390 D AudioTrack: getTimestamp_l(137): device stall time corrected using current time 18587479009570
04-10 15:50:44.467 23739 28390 D AudioTrack: getTimestamp_l(137): device stall time corrected using current time 18616266339359
[15:51:06] 🔴 CRASH: 04-10 15:08:42.518 20035 20069 E AndroidRuntime: FATAL EXCEPTION: mqt_native_modules
04-10 15:12:07.537 21811 21847 E AndroidRuntime: FATAL EXCEPTION: mqt_native_modules
[15:51:06] 🟡 STALL: 04-10 15:50:14.284 23739 28390 D AudioTrack: getTimestamp_l(137): device stall time corrected using current time 18586083255097
04-10 15:50:15.680 23739 28390 D AudioTrack: getTimestamp_l(137): device stall time corrected using current time 18587479009570
04-10 15:50:44.467 23739 28390 D AudioTrack: getTimestamp_l(137): device stall time corrected using current time 18616266339359
[15:51:21] 🔴 CRASH: 04-10 15:08:42.518 20035 20069 E AndroidRuntime: FATAL EXCEPTION: mqt_native_modules
04-10 15:12:07.537 21811 21847 E AndroidRuntime: FATAL EXCEPTION: mqt_native_modules
[15:51:21] 🟡 STALL: 04-10 15:50:15.680 23739 28390 D AudioTrack: getTimestamp_l(137): device stall time corrected using current time 18587479009570
04-10 15:50:44.467 23739 28390 D AudioTrack: getTimestamp_l(137): device stall time corrected using current time 18616266339359
04-10 15:51:16.888 23739 28390 D AudioTrack: getTimestamp_l(138): device stall time corrected using current time 18648687827843
[15:51:36] 🔴 CRASH: 04-10 15:08:42.518 20035 20069 E AndroidRuntime: FATAL EXCEPTION: mqt_native_modules
04-10 15:12:07.537 21811 21847 E AndroidRuntime: FATAL EXCEPTION: mqt_native_modules
[15:51:36] 🟡 STALL: 04-10 15:50:44.467 23739 28390 D AudioTrack: getTimestamp_l(137): device stall time corrected using current time 18616266339359
04-10 15:51:16.888 23739 28390 D AudioTrack: getTimestamp_l(138): device stall time corrected using current time 18648687827843
04-10 15:51:34.806 23739 28390 D AudioTrack: getTimestamp_l(139): device stall time corrected using current time 18666605041630
[15:51:50] 🔴 CRASH: 04-10 15:08:42.518 20035 20069 E AndroidRuntime: FATAL EXCEPTION: mqt_native_modules
04-10 15:12:07.537 21811 21847 E AndroidRuntime: FATAL EXCEPTION: mqt_native_modules
[15:51:50] 🟡 STALL: 04-10 15:50:44.467 23739 28390 D AudioTrack: getTimestamp_l(137): device stall time corrected using current time 18616266339359
04-10 15:51:16.888 23739 28390 D AudioTrack: getTimestamp_l(138): device stall time corrected using current time 18648687827843
04-10 15:51:34.806 23739 28390 D AudioTrack: getTimestamp_l(139): device stall time corrected using current time 18666605041630
[15:52:04] 🔴 CRASH: 04-10 15:08:42.518 20035 20069 E AndroidRuntime: FATAL EXCEPTION: mqt_native_modules
04-10 15:12:07.537 21811 21847 E AndroidRuntime: FATAL EXCEPTION: mqt_native_modules
[15:52:04] 🟡 STALL: 04-10 15:50:44.467 23739 28390 D AudioTrack: getTimestamp_l(137): device stall time corrected using current time 18616266339359
04-10 15:51:16.888 23739 28390 D AudioTrack: getTimestamp_l(138): device stall time corrected using current time 18648687827843
04-10 15:51:34.806 23739 28390 D AudioTrack: getTimestamp_l(139): device stall time corrected using current time 18666605041630
[15:52:18] 🔴 CRASH: 04-10 15:08:42.518 20035 20069 E AndroidRuntime: FATAL EXCEPTION: mqt_native_modules
04-10 15:12:07.537 21811 21847 E AndroidRuntime: FATAL EXCEPTION: mqt_native_modules
[15:52:18] 🟡 STALL: 04-10 15:52:07.148 23739 28390 D AudioTrack: getTimestamp_l(140): device stall time corrected using current time 18698947540607
04-10 15:52:10.916 23739 28390 D AudioTrack: getTimestamp_l(142): device stall time corrected using current time 18702715387733
04-10 15:52:12.652 23739 28390 D AudioTrack: getTimestamp_l(142): device stall time corrected using current time 18704451587156
[15:52:35] 🔴 CRASH: 04-10 15:08:42.518 20035 20069 E AndroidRuntime: FATAL EXCEPTION: mqt_native_modules
04-10 15:12:07.537 21811 21847 E AndroidRuntime: FATAL EXCEPTION: mqt_native_modules
[15:52:35] 🟡 STALL: 04-10 15:52:10.916 23739 28390 D AudioTrack: getTimestamp_l(142): device stall time corrected using current time 18702715387733
04-10 15:52:12.652 23739 28390 D AudioTrack: getTimestamp_l(142): device stall time corrected using current time 18704451587156
04-10 15:52:30.629 23739 29017 D AudioTrack: getTimestamp_l(143): device stall time corrected using current time 18722428054783
[15:52:51] 🔴 CRASH: 04-10 15:08:42.518 20035 20069 E AndroidRuntime: FATAL EXCEPTION: mqt_native_modules
04-10 15:12:07.537 21811 21847 E AndroidRuntime: FATAL EXCEPTION: mqt_native_modules
[15:52:51] 🟡 STALL: 04-10 15:52:10.916 23739 28390 D AudioTrack: getTimestamp_l(142): device stall time corrected using current time 18702715387733
04-10 15:52:12.652 23739 28390 D AudioTrack: getTimestamp_l(142): device stall time corrected using current time 18704451587156
04-10 15:52:30.629 23739 29017 D AudioTrack: getTimestamp_l(143): device stall time corrected using current time 18722428054783
[15:53:06] 🔴 CRASH: 04-10 15:08:42.518 20035 20069 E AndroidRuntime: FATAL EXCEPTION: mqt_native_modules
04-10 15:12:07.537 21811 21847 E AndroidRuntime: FATAL EXCEPTION: mqt_native_modules
[15:53:06] 🟡 STALL: 04-10 15:52:10.916 23739 28390 D AudioTrack: getTimestamp_l(142): device stall time corrected using current time 18702715387733
04-10 15:52:12.652 23739 28390 D AudioTrack: getTimestamp_l(142): device stall time corrected using current time 18704451587156
04-10 15:52:30.629 23739 29017 D AudioTrack: getTimestamp_l(143): device stall time corrected using current time 18722428054783
[15:53:21] 🔴 CRASH: 04-10 15:08:42.518 20035 20069 E AndroidRuntime: FATAL EXCEPTION: mqt_native_modules
04-10 15:12:07.537 21811 21847 E AndroidRuntime: FATAL EXCEPTION: mqt_native_modules
[15:53:21] 🟡 STALL: 04-10 15:52:10.916 23739 28390 D AudioTrack: getTimestamp_l(142): device stall time corrected using current time 18702715387733
04-10 15:52:12.652 23739 28390 D AudioTrack: getTimestamp_l(142): device stall time corrected using current time 18704451587156
04-10 15:52:30.629 23739 29017 D AudioTrack: getTimestamp_l(143): device stall time corrected using current time 18722428054783
[15:53:39] 🔴 CRASH: 04-10 15:08:42.518 20035 20069 E AndroidRuntime: FATAL EXCEPTION: mqt_native_modules
04-10 15:12:07.537 21811 21847 E AndroidRuntime: FATAL EXCEPTION: mqt_native_modules
[15:53:39] 🟡 STALL: 04-10 15:52:10.916 23739 28390 D AudioTrack: getTimestamp_l(142): device stall time corrected using current time 18702715387733
04-10 15:52:12.652 23739 28390 D AudioTrack: getTimestamp_l(142): device stall time corrected using current time 18704451587156
04-10 15:52:30.629 23739 29017 D AudioTrack: getTimestamp_l(143): device stall time corrected using current time 18722428054783
[15:53:54] 🔴 CRASH: 04-10 15:08:42.518 20035 20069 E AndroidRuntime: FATAL EXCEPTION: mqt_native_modules
04-10 15:12:07.537 21811 21847 E AndroidRuntime: FATAL EXCEPTION: mqt_native_modules
04-10 15:53:49.366 23739 23777 E AndroidRuntime: FATAL EXCEPTION: mqt_native_modules
[15:53:54] 🟡 STALL: 04-10 15:52:12.652 23739 28390 D AudioTrack: getTimestamp_l(142): device stall time corrected using current time 18704451587156
04-10 15:52:30.629 23739 29017 D AudioTrack: getTimestamp_l(143): device stall time corrected using current time 18722428054783
04-10 15:53:55.035 29214 29243 W System.err: RNInstallReferrerClient exception. getInstallReferrer will be unavailable: E1.a.newBuilder [class android.content.Context]
[15:54:10] 🔴 CRASH: 04-10 15:08:42.518 20035 20069 E AndroidRuntime: FATAL EXCEPTION: mqt_native_modules
04-10 15:12:07.537 21811 21847 E AndroidRuntime: FATAL EXCEPTION: mqt_native_modules
04-10 15:53:49.366 23739 23777 E AndroidRuntime: FATAL EXCEPTION: mqt_native_modules
[15:54:10] 🟡 STALL: 04-10 15:52:30.629 23739 29017 D AudioTrack: getTimestamp_l(143): device stall time corrected using current time 18722428054783
04-10 15:53:55.035 29214 29243 W System.err: RNInstallReferrerClient exception. getInstallReferrer will be unavailable: E1.a.newBuilder [class android.content.Context]
04-10 15:54:00.874 29214 29308 D ProfileInstaller: Skipping profile installation for in.southstream.android
[15:54:10] 🟠 HIGH JANK: 42.8%
[15:54:29] 🔴 CRASH: 04-10 15:08:42.518 20035 20069 E AndroidRuntime: FATAL EXCEPTION: mqt_native_modules
04-10 15:12:07.537 21811 21847 E AndroidRuntime: FATAL EXCEPTION: mqt_native_modules
04-10 15:53:49.366 23739 23777 E AndroidRuntime: FATAL EXCEPTION: mqt_native_modules
[15:54:29] 🟡 STALL: 04-10 15:52:30.629 23739 29017 D AudioTrack: getTimestamp_l(143): device stall time corrected using current time 18722428054783
04-10 15:53:55.035 29214 29243 W System.err: RNInstallReferrerClient exception. getInstallReferrer will be unavailable: E1.a.newBuilder [class android.content.Context]
04-10 15:54:00.874 29214 29308 D ProfileInstaller: Skipping profile installation for in.southstream.android
[15:54:46] 🔴 CRASH: 04-10 15:08:42.518 20035 20069 E AndroidRuntime: FATAL EXCEPTION: mqt_native_modules
04-10 15:12:07.537 21811 21847 E AndroidRuntime: FATAL EXCEPTION: mqt_native_modules
04-10 15:53:49.366 23739 23777 E AndroidRuntime: FATAL EXCEPTION: mqt_native_modules
[15:54:46] 🟡 STALL: 04-10 15:52:30.629 23739 29017 D AudioTrack: getTimestamp_l(143): device stall time corrected using current time 18722428054783
04-10 15:53:55.035 29214 29243 W System.err: RNInstallReferrerClient exception. getInstallReferrer will be unavailable: E1.a.newBuilder [class android.content.Context]
04-10 15:54:00.874 29214 29308 D ProfileInstaller: Skipping profile installation for in.southstream.android
[15:55:03] 🔴 CRASH: 04-10 15:08:42.518 20035 20069 E AndroidRuntime: FATAL EXCEPTION: mqt_native_modules
04-10 15:12:07.537 21811 21847 E AndroidRuntime: FATAL EXCEPTION: mqt_native_modules
04-10 15:53:49.366 23739 23777 E AndroidRuntime: FATAL EXCEPTION: mqt_native_modules
[15:55:03] 🟡 STALL: 04-10 15:52:30.629 23739 29017 D AudioTrack: getTimestamp_l(143): device stall time corrected using current time 18722428054783
04-10 15:53:55.035 29214 29243 W System.err: RNInstallReferrerClient exception. getInstallReferrer will be unavailable: E1.a.newBuilder [class android.content.Context]
04-10 15:54:00.874 29214 29308 D ProfileInstaller: Skipping profile installation for in.southstream.android
[15:55:20] 🔴 CRASH: 04-10 15:08:42.518 20035 20069 E AndroidRuntime: FATAL EXCEPTION: mqt_native_modules
04-10 15:12:07.537 21811 21847 E AndroidRuntime: FATAL EXCEPTION: mqt_native_modules
04-10 15:53:49.366 23739 23777 E AndroidRuntime: FATAL EXCEPTION: mqt_native_modules
[15:55:20] 🟡 STALL: 04-10 15:52:30.629 23739 29017 D AudioTrack: getTimestamp_l(143): device stall time corrected using current time 18722428054783
04-10 15:53:55.035 29214 29243 W System.err: RNInstallReferrerClient exception. getInstallReferrer will be unavailable: E1.a.newBuilder [class android.content.Context]
04-10 15:54:00.874 29214 29308 D ProfileInstaller: Skipping profile installation for in.southstream.android
[15:55:38] 🔴 CRASH: 04-10 15:08:42.518 20035 20069 E AndroidRuntime: FATAL EXCEPTION: mqt_native_modules
04-10 15:12:07.537 21811 21847 E AndroidRuntime: FATAL EXCEPTION: mqt_native_modules
04-10 15:53:49.366 23739 23777 E AndroidRuntime: FATAL EXCEPTION: mqt_native_modules
[15:55:38] 🟡 STALL: 04-10 15:52:30.629 23739 29017 D AudioTrack: getTimestamp_l(143): device stall time corrected using current time 18722428054783
04-10 15:53:55.035 29214 29243 W System.err: RNInstallReferrerClient exception. getInstallReferrer will be unavailable: E1.a.newBuilder [class android.content.Context]
04-10 15:54:00.874 29214 29308 D ProfileInstaller: Skipping profile installation for in.southstream.android
[15:55:56] 🔴 CRASH: 04-10 15:08:42.518 20035 20069 E AndroidRuntime: FATAL EXCEPTION: mqt_native_modules
04-10 15:12:07.537 21811 21847 E AndroidRuntime: FATAL EXCEPTION: mqt_native_modules
04-10 15:53:49.366 23739 23777 E AndroidRuntime: FATAL EXCEPTION: mqt_native_modules
[15:55:56] 🟡 STALL: 04-10 15:52:30.629 23739 29017 D AudioTrack: getTimestamp_l(143): device stall time corrected using current time 18722428054783
04-10 15:53:55.035 29214 29243 W System.err: RNInstallReferrerClient exception. getInstallReferrer will be unavailable: E1.a.newBuilder [class android.content.Context]
04-10 15:54:00.874 29214 29308 D ProfileInstaller: Skipping profile installation for in.southstream.android
[15:56:14] 🔴 CRASH: 04-10 15:08:42.518 20035 20069 E AndroidRuntime: FATAL EXCEPTION: mqt_native_modules
04-10 15:12:07.537 21811 21847 E AndroidRuntime: FATAL EXCEPTION: mqt_native_modules
04-10 15:53:49.366 23739 23777 E AndroidRuntime: FATAL EXCEPTION: mqt_native_modules
[15:56:14] 🟡 STALL: 04-10 15:52:30.629 23739 29017 D AudioTrack: getTimestamp_l(143): device stall time corrected using current time 18722428054783
04-10 15:53:55.035 29214 29243 W System.err: RNInstallReferrerClient exception. getInstallReferrer will be unavailable: E1.a.newBuilder [class android.content.Context]
04-10 15:54:00.874 29214 29308 D ProfileInstaller: Skipping profile installation for in.southstream.android
[15:56:31] 🔴 CRASH: 04-10 15:08:42.518 20035 20069 E AndroidRuntime: FATAL EXCEPTION: mqt_native_modules
04-10 15:12:07.537 21811 21847 E AndroidRuntime: FATAL EXCEPTION: mqt_native_modules
04-10 15:53:49.366 23739 23777 E AndroidRuntime: FATAL EXCEPTION: mqt_native_modules
[15:56:31] 🟡 STALL: 04-10 15:52:30.629 23739 29017 D AudioTrack: getTimestamp_l(143): device stall time corrected using current time 18722428054783
04-10 15:53:55.035 29214 29243 W System.err: RNInstallReferrerClient exception. getInstallReferrer will be unavailable: E1.a.newBuilder [class android.content.Context]
04-10 15:54:00.874 29214 29308 D ProfileInstaller: Skipping profile installation for in.southstream.android
[15:56:48] 🔴 CRASH: 04-10 15:08:42.518 20035 20069 E AndroidRuntime: FATAL EXCEPTION: mqt_native_modules
04-10 15:12:07.537 21811 21847 E AndroidRuntime: FATAL EXCEPTION: mqt_native_modules
04-10 15:53:49.366 23739 23777 E AndroidRuntime: FATAL EXCEPTION: mqt_native_modules
[15:56:48] 🟡 STALL: 04-10 15:52:30.629 23739 29017 D AudioTrack: getTimestamp_l(143): device stall time corrected using current time 18722428054783
04-10 15:53:55.035 29214 29243 W System.err: RNInstallReferrerClient exception. getInstallReferrer will be unavailable: E1.a.newBuilder [class android.content.Context]
04-10 15:54:00.874 29214 29308 D ProfileInstaller: Skipping profile installation for in.southstream.android
[15:57:06] 🔴 CRASH: 04-10 15:08:42.518 20035 20069 E AndroidRuntime: FATAL EXCEPTION: mqt_native_modules
04-10 15:12:07.537 21811 21847 E AndroidRuntime: FATAL EXCEPTION: mqt_native_modules
04-10 15:53:49.366 23739 23777 E AndroidRuntime: FATAL EXCEPTION: mqt_native_modules
[15:57:06] 🟡 STALL: 04-10 15:52:30.629 23739 29017 D AudioTrack: getTimestamp_l(143): device stall time corrected using current time 18722428054783
04-10 15:53:55.035 29214 29243 W System.err: RNInstallReferrerClient exception. getInstallReferrer will be unavailable: E1.a.newBuilder [class android.content.Context]
04-10 15:54:00.874 29214 29308 D ProfileInstaller: Skipping profile installation for in.southstream.android
[15:57:24] 🔴 CRASH: 04-10 15:08:42.518 20035 20069 E AndroidRuntime: FATAL EXCEPTION: mqt_native_modules
04-10 15:12:07.537 21811 21847 E AndroidRuntime: FATAL EXCEPTION: mqt_native_modules
04-10 15:53:49.366 23739 23777 E AndroidRuntime: FATAL EXCEPTION: mqt_native_modules
[15:57:24] 🟡 STALL: 04-10 15:52:30.629 23739 29017 D AudioTrack: getTimestamp_l(143): device stall time corrected using current time 18722428054783
04-10 15:53:55.035 29214 29243 W System.err: RNInstallReferrerClient exception. getInstallReferrer will be unavailable: E1.a.newBuilder [class android.content.Context]
04-10 15:54:00.874 29214 29308 D ProfileInstaller: Skipping profile installation for in.southstream.android
[15:57:43] 🔴 CRASH: 04-10 15:08:42.518 20035 20069 E AndroidRuntime: FATAL EXCEPTION: mqt_native_modules
04-10 15:12:07.537 21811 21847 E AndroidRuntime: FATAL EXCEPTION: mqt_native_modules
04-10 15:53:49.366 23739 23777 E AndroidRuntime: FATAL EXCEPTION: mqt_native_modules
[15:57:43] 🟡 STALL: 04-10 15:52:30.629 23739 29017 D AudioTrack: getTimestamp_l(143): device stall time corrected using current time 18722428054783
04-10 15:53:55.035 29214 29243 W System.err: RNInstallReferrerClient exception. getInstallReferrer will be unavailable: E1.a.newBuilder [class android.content.Context]
04-10 15:54:00.874 29214 29308 D ProfileInstaller: Skipping profile installation for in.southstream.android
[15:58:03] 🔴 CRASH: 04-10 15:08:42.518 20035 20069 E AndroidRuntime: FATAL EXCEPTION: mqt_native_modules
04-10 15:12:07.537 21811 21847 E AndroidRuntime: FATAL EXCEPTION: mqt_native_modules
04-10 15:53:49.366 23739 23777 E AndroidRuntime: FATAL EXCEPTION: mqt_native_modules
[15:58:03] 🟡 STALL: 04-10 15:52:30.629 23739 29017 D AudioTrack: getTimestamp_l(143): device stall time corrected using current time 18722428054783
04-10 15:53:55.035 29214 29243 W System.err: RNInstallReferrerClient exception. getInstallReferrer will be unavailable: E1.a.newBuilder [class android.content.Context]
04-10 15:54:00.874 29214 29308 D ProfileInstaller: Skipping profile installation for in.southstream.android
[15:58:22] 🔴 CRASH: 04-10 15:08:42.518 20035 20069 E AndroidRuntime: FATAL EXCEPTION: mqt_native_modules
04-10 15:12:07.537 21811 21847 E AndroidRuntime: FATAL EXCEPTION: mqt_native_modules
04-10 15:53:49.366 23739 23777 E AndroidRuntime: FATAL EXCEPTION: mqt_native_modules
[15:58:22] 🟡 STALL: 04-10 15:52:30.629 23739 29017 D AudioTrack: getTimestamp_l(143): device stall time corrected using current time 18722428054783
04-10 15:53:55.035 29214 29243 W System.err: RNInstallReferrerClient exception. getInstallReferrer will be unavailable: E1.a.newBuilder [class android.content.Context]
04-10 15:54:00.874 29214 29308 D ProfileInstaller: Skipping profile installation for in.southstream.android
[15:58:42] 🔴 CRASH: 04-10 15:12:07.537 21811 21847 E AndroidRuntime: FATAL EXCEPTION: mqt_native_modules
04-10 15:53:49.366 23739 23777 E AndroidRuntime: FATAL EXCEPTION: mqt_native_modules
04-10 15:58:26.030 29214 29252 E AndroidRuntime: FATAL EXCEPTION: mqt_native_modules
[15:58:42] 🟡 STALL: 04-10 15:52:30.629 23739 29017 D AudioTrack: getTimestamp_l(143): device stall time corrected using current time 18722428054783
04-10 15:53:55.035 29214 29243 W System.err: RNInstallReferrerClient exception. getInstallReferrer will be unavailable: E1.a.newBuilder [class android.content.Context]
04-10 15:54:00.874 29214 29308 D ProfileInstaller: Skipping profile installation for in.southstream.android
[15:59:01] 🔴 CRASH: 04-10 15:12:07.537 21811 21847 E AndroidRuntime: FATAL EXCEPTION: mqt_native_modules
04-10 15:53:49.366 23739 23777 E AndroidRuntime: FATAL EXCEPTION: mqt_native_modules
04-10 15:58:26.030 29214 29252 E AndroidRuntime: FATAL EXCEPTION: mqt_native_modules
[15:59:01] 🟡 STALL: 04-10 15:53:55.035 29214 29243 W System.err: RNInstallReferrerClient exception. getInstallReferrer will be unavailable: E1.a.newBuilder [class android.content.Context]
04-10 15:54:00.874 29214 29308 D ProfileInstaller: Skipping profile installation for in.southstream.android
04-10 15:58:57.288 29777 29803 W System.err: RNInstallReferrerClient exception. getInstallReferrer will be unavailable: E1.a.newBuilder [class android.content.Context]
[15:59:21] 🔴 CRASH: 04-10 15:12:07.537 21811 21847 E AndroidRuntime: FATAL EXCEPTION: mqt_native_modules
04-10 15:53:49.366 23739 23777 E AndroidRuntime: FATAL EXCEPTION: mqt_native_modules
04-10 15:58:26.030 29214 29252 E AndroidRuntime: FATAL EXCEPTION: mqt_native_modules
[15:59:21] 🟡 STALL: 04-10 15:54:00.874 29214 29308 D ProfileInstaller: Skipping profile installation for in.southstream.android
04-10 15:58:57.288 29777 29803 W System.err: RNInstallReferrerClient exception. getInstallReferrer will be unavailable: E1.a.newBuilder [class android.content.Context]
04-10 15:59:02.628 29777 29868 D ProfileInstaller: Skipping profile installation for in.southstream.android
[15:59:43] 🔴 CRASH: 04-10 15:12:07.537 21811 21847 E AndroidRuntime: FATAL EXCEPTION: mqt_native_modules
04-10 15:53:49.366 23739 23777 E AndroidRuntime: FATAL EXCEPTION: mqt_native_modules
04-10 15:58:26.030 29214 29252 E AndroidRuntime: FATAL EXCEPTION: mqt_native_modules
[15:59:43] 🟡 STALL: 04-10 15:54:00.874 29214 29308 D ProfileInstaller: Skipping profile installation for in.southstream.android
04-10 15:58:57.288 29777 29803 W System.err: RNInstallReferrerClient exception. getInstallReferrer will be unavailable: E1.a.newBuilder [class android.content.Context]
04-10 15:59:02.628 29777 29868 D ProfileInstaller: Skipping profile installation for in.southstream.android
[16:00:04] 🔴 CRASH: 04-10 15:12:07.537 21811 21847 E AndroidRuntime: FATAL EXCEPTION: mqt_native_modules
04-10 15:53:49.366 23739 23777 E AndroidRuntime: FATAL EXCEPTION: mqt_native_modules
04-10 15:58:26.030 29214 29252 E AndroidRuntime: FATAL EXCEPTION: mqt_native_modules
[16:00:04] 🟡 STALL: 04-10 15:54:00.874 29214 29308 D ProfileInstaller: Skipping profile installation for in.southstream.android
04-10 15:58:57.288 29777 29803 W System.err: RNInstallReferrerClient exception. getInstallReferrer will be unavailable: E1.a.newBuilder [class android.content.Context]
04-10 15:59:02.628 29777 29868 D ProfileInstaller: Skipping profile installation for in.southstream.android
[16:00:24] 🔴 CRASH: 04-10 15:12:07.537 21811 21847 E AndroidRuntime: FATAL EXCEPTION: mqt_native_modules
04-10 15:53:49.366 23739 23777 E AndroidRuntime: FATAL EXCEPTION: mqt_native_modules
04-10 15:58:26.030 29214 29252 E AndroidRuntime: FATAL EXCEPTION: mqt_native_modules
[16:00:24] 🟡 STALL: 04-10 15:54:00.874 29214 29308 D ProfileInstaller: Skipping profile installation for in.southstream.android
04-10 15:58:57.288 29777 29803 W System.err: RNInstallReferrerClient exception. getInstallReferrer will be unavailable: E1.a.newBuilder [class android.content.Context]
04-10 15:59:02.628 29777 29868 D ProfileInstaller: Skipping profile installation for in.southstream.android
[16:00:44] 🔴 CRASH: 04-10 15:12:07.537 21811 21847 E AndroidRuntime: FATAL EXCEPTION: mqt_native_modules
04-10 15:53:49.366 23739 23777 E AndroidRuntime: FATAL EXCEPTION: mqt_native_modules
04-10 15:58:26.030 29214 29252 E AndroidRuntime: FATAL EXCEPTION: mqt_native_modules
[16:00:44] 🟡 STALL: 04-10 15:58:57.288 29777 29803 W System.err: RNInstallReferrerClient exception. getInstallReferrer will be unavailable: E1.a.newBuilder [class android.content.Context]
04-10 15:59:02.628 29777 29868 D ProfileInstaller: Skipping profile installation for in.southstream.android
04-10 16:00:43.797 29777 30026 D AudioTrack: getTimestamp_l(144): device stall time corrected using current time 19215596232648
[16:01:06] 🔴 CRASH: 04-10 15:12:07.537 21811 21847 E AndroidRuntime: FATAL EXCEPTION: mqt_native_modules
04-10 15:53:49.366 23739 23777 E AndroidRuntime: FATAL EXCEPTION: mqt_native_modules
04-10 15:58:26.030 29214 29252 E AndroidRuntime: FATAL EXCEPTION: mqt_native_modules
[16:01:06] 🟡 STALL: 04-10 15:59:02.628 29777 29868 D ProfileInstaller: Skipping profile installation for in.southstream.android
04-10 16:00:43.797 29777 30026 D AudioTrack: getTimestamp_l(144): device stall time corrected using current time 19215596232648
04-10 16:00:58.908 29777 30113 D AudioTrack: getTimestamp_l(148): device stall time corrected using current time 19230707505906
[16:01:29] 🔴 CRASH: 04-10 15:12:07.537 21811 21847 E AndroidRuntime: FATAL EXCEPTION: mqt_native_modules
04-10 15:53:49.366 23739 23777 E AndroidRuntime: FATAL EXCEPTION: mqt_native_modules
04-10 15:58:26.030 29214 29252 E AndroidRuntime: FATAL EXCEPTION: mqt_native_modules
[16:01:29] 🟡 STALL: 04-10 16:00:58.908 29777 30113 D AudioTrack: getTimestamp_l(148): device stall time corrected using current time 19230707505906
04-10 16:01:11.790 29777 30113 D AudioTrack: getTimestamp_l(149): device stall time corrected using current time 19243589587941
04-10 16:01:13.749 29777 30113 D AudioTrack: getTimestamp_l(149): device stall time corrected using current time 19245548709886
[16:01:50] 🔴 CRASH: 04-10 15:12:07.537 21811 21847 E AndroidRuntime: FATAL EXCEPTION: mqt_native_modules
04-10 15:53:49.366 23739 23777 E AndroidRuntime: FATAL EXCEPTION: mqt_native_modules
04-10 15:58:26.030 29214 29252 E AndroidRuntime: FATAL EXCEPTION: mqt_native_modules
[16:01:50] 🟡 STALL: 04-10 16:00:58.908 29777 30113 D AudioTrack: getTimestamp_l(148): device stall time corrected using current time 19230707505906
04-10 16:01:11.790 29777 30113 D AudioTrack: getTimestamp_l(149): device stall time corrected using current time 19243589587941
04-10 16:01:13.749 29777 30113 D AudioTrack: getTimestamp_l(149): device stall time corrected using current time 19245548709886
[16:02:12] 🔴 CRASH: 04-10 15:12:07.537 21811 21847 E AndroidRuntime: FATAL EXCEPTION: mqt_native_modules
04-10 15:53:49.366 23739 23777 E AndroidRuntime: FATAL EXCEPTION: mqt_native_modules
04-10 15:58:26.030 29214 29252 E AndroidRuntime: FATAL EXCEPTION: mqt_native_modules
[16:02:12] 🟡 STALL: 04-10 16:00:58.908 29777 30113 D AudioTrack: getTimestamp_l(148): device stall time corrected using current time 19230707505906
04-10 16:01:11.790 29777 30113 D AudioTrack: getTimestamp_l(149): device stall time corrected using current time 19243589587941
04-10 16:01:13.749 29777 30113 D AudioTrack: getTimestamp_l(149): device stall time corrected using current time 19245548709886
[16:02:33] 🔴 CRASH: 04-10 15:12:07.537 21811 21847 E AndroidRuntime: FATAL EXCEPTION: mqt_native_modules
04-10 15:53:49.366 23739 23777 E AndroidRuntime: FATAL EXCEPTION: mqt_native_modules
04-10 15:58:26.030 29214 29252 E AndroidRuntime: FATAL EXCEPTION: mqt_native_modules
[16:02:33] 🟡 STALL: 04-10 16:00:58.908 29777 30113 D AudioTrack: getTimestamp_l(148): device stall time corrected using current time 19230707505906
04-10 16:01:11.790 29777 30113 D AudioTrack: getTimestamp_l(149): device stall time corrected using current time 19243589587941
04-10 16:01:13.749 29777 30113 D AudioTrack: getTimestamp_l(149): device stall time corrected using current time 19245548709886
[16:02:56] 🔴 CRASH: 04-10 15:12:07.537 21811 21847 E AndroidRuntime: FATAL EXCEPTION: mqt_native_modules
04-10 15:53:49.366 23739 23777 E AndroidRuntime: FATAL EXCEPTION: mqt_native_modules
04-10 15:58:26.030 29214 29252 E AndroidRuntime: FATAL EXCEPTION: mqt_native_modules
[16:02:56] 🟡 STALL: 04-10 16:00:58.908 29777 30113 D AudioTrack: getTimestamp_l(148): device stall time corrected using current time 19230707505906
04-10 16:01:11.790 29777 30113 D AudioTrack: getTimestamp_l(149): device stall time corrected using current time 19243589587941
04-10 16:01:13.749 29777 30113 D AudioTrack: getTimestamp_l(149): device stall time corrected using current time 19245548709886
[16:03:19] 🔴 CRASH: 04-10 15:12:07.537 21811 21847 E AndroidRuntime: FATAL EXCEPTION: mqt_native_modules
04-10 15:53:49.366 23739 23777 E AndroidRuntime: FATAL EXCEPTION: mqt_native_modules
04-10 15:58:26.030 29214 29252 E AndroidRuntime: FATAL EXCEPTION: mqt_native_modules
[16:03:19] 🟡 STALL: 04-10 16:00:58.908 29777 30113 D AudioTrack: getTimestamp_l(148): device stall time corrected using current time 19230707505906
04-10 16:01:11.790 29777 30113 D AudioTrack: getTimestamp_l(149): device stall time corrected using current time 19243589587941
04-10 16:01:13.749 29777 30113 D AudioTrack: getTimestamp_l(149): device stall time corrected using current time 19245548709886
[16:03:43] 🔴 CRASH: 04-10 15:12:07.537 21811 21847 E AndroidRuntime: FATAL EXCEPTION: mqt_native_modules
04-10 15:53:49.366 23739 23777 E AndroidRuntime: FATAL EXCEPTION: mqt_native_modules
04-10 15:58:26.030 29214 29252 E AndroidRuntime: FATAL EXCEPTION: mqt_native_modules
[16:03:43] 🟡 STALL: 04-10 16:00:58.908 29777 30113 D AudioTrack: getTimestamp_l(148): device stall time corrected using current time 19230707505906
04-10 16:01:11.790 29777 30113 D AudioTrack: getTimestamp_l(149): device stall time corrected using current time 19243589587941
04-10 16:01:13.749 29777 30113 D AudioTrack: getTimestamp_l(149): device stall time corrected using current time 19245548709886
[16:04:05] 🔴 CRASH: 04-10 15:12:07.537 21811 21847 E AndroidRuntime: FATAL EXCEPTION: mqt_native_modules
04-10 15:53:49.366 23739 23777 E AndroidRuntime: FATAL EXCEPTION: mqt_native_modules
04-10 15:58:26.030 29214 29252 E AndroidRuntime: FATAL EXCEPTION: mqt_native_modules
[16:04:05] 🟡 STALL: 04-10 16:01:11.790 29777 30113 D AudioTrack: getTimestamp_l(149): device stall time corrected using current time 19243589587941
04-10 16:01:13.749 29777 30113 D AudioTrack: getTimestamp_l(149): device stall time corrected using current time 19245548709886
04-10 16:03:46.322 29777 30444 D AudioTrack: getTimestamp_l(150): device stall time corrected using current time 19398121229774
[16:04:30] 🔴 CRASH: 04-10 15:12:07.537 21811 21847 E AndroidRuntime: FATAL EXCEPTION: mqt_native_modules
04-10 15:53:49.366 23739 23777 E AndroidRuntime: FATAL EXCEPTION: mqt_native_modules
04-10 15:58:26.030 29214 29252 E AndroidRuntime: FATAL EXCEPTION: mqt_native_modules
[16:04:30] 🟡 STALL: 04-10 16:01:11.790 29777 30113 D AudioTrack: getTimestamp_l(149): device stall time corrected using current time 19243589587941
04-10 16:01:13.749 29777 30113 D AudioTrack: getTimestamp_l(149): device stall time corrected using current time 19245548709886
04-10 16:03:46.322 29777 30444 D AudioTrack: getTimestamp_l(150): device stall time corrected using current time 19398121229774
[16:04:53] 🔴 CRASH: 04-10 15:12:07.537 21811 21847 E AndroidRuntime: FATAL EXCEPTION: mqt_native_modules
04-10 15:53:49.366 23739 23777 E AndroidRuntime: FATAL EXCEPTION: mqt_native_modules
04-10 15:58:26.030 29214 29252 E AndroidRuntime: FATAL EXCEPTION: mqt_native_modules
[16:04:53] 🟡 STALL: 04-10 16:04:32.393 30559 30559 I DynamiteModule: Considering local module com.google.android.gms.providerinstaller.dynamite:1 and remote module com.google.android.gms.providerinstaller.dynamite:0
04-10 16:04:32.393 30559 30559 I DynamiteModule: Selected local version of com.google.android.gms.providerinstaller.dynamite
04-10 16:04:32.485 30559 30559 I ProviderInstaller: Installed default security provider GmsCore_OpenSSL
[16:05:20] 🔴 CRASH: 04-10 15:12:07.537 21811 21847 E AndroidRuntime: FATAL EXCEPTION: mqt_native_modules
04-10 15:53:49.366 23739 23777 E AndroidRuntime: FATAL EXCEPTION: mqt_native_modules
04-10 15:58:26.030 29214 29252 E AndroidRuntime: FATAL EXCEPTION: mqt_native_modules
[16:05:20] 🟡 STALL: 04-10 16:05:21.219 30660 30705 I ProviderInstaller: Installed default security provider GmsCore_OpenSSL
04-10 16:05:21.219 30660 30705 I katniss_search_SecurityProviderTask: Security provider installed.
04-10 16:05:21.501 30660 30695 D nativeloader: Configuring classloader-namespace for other apk . target_sdk_version=36, uses_libraries=ALL, library_path=/data/app/~~uTgQydGjGIKEJ9DHdgP6gQ==/com.google.android.gms-ZQWSIbO6KlmdZs281JcErw==/split_CronetDynamite_installtime.apk!/lib/armeabi-v7a:/data/app/~~uTgQydGjGIKEJ9DHdgP6gQ==/com.google.android.gms-ZQWSIbO6KlmdZs281JcErw==/split_CronetDynamite_installtime.apk!/lib/armeabi, permitted_path=/data:/mnt/expand
[16:05:48] 🔴 CRASH: 04-10 15:12:07.537 21811 21847 E AndroidRuntime: FATAL EXCEPTION: mqt_native_modules
04-10 15:53:49.366 23739 23777 E AndroidRuntime: FATAL EXCEPTION: mqt_native_modules
04-10 15:58:26.030 29214 29252 E AndroidRuntime: FATAL EXCEPTION: mqt_native_modules
[16:05:48] 🟡 STALL: 04-10 16:05:21.219 30660 30705 I ProviderInstaller: Installed default security provider GmsCore_OpenSSL
04-10 16:05:21.219 30660 30705 I katniss_search_SecurityProviderTask: Security provider installed.
04-10 16:05:21.501 30660 30695 D nativeloader: Configuring classloader-namespace for other apk . target_sdk_version=36, uses_libraries=ALL, library_path=/data/app/~~uTgQydGjGIKEJ9DHdgP6gQ==/com.google.android.gms-ZQWSIbO6KlmdZs281JcErw==/split_CronetDynamite_installtime.apk!/lib/armeabi-v7a:/data/app/~~uTgQydGjGIKEJ9DHdgP6gQ==/com.google.android.gms-ZQWSIbO6KlmdZs281JcErw==/split_CronetDynamite_installtime.apk!/lib/armeabi, permitted_path=/data:/mnt/expand
[16:06:13] 🔴 CRASH: 04-10 15:12:07.537 21811 21847 E AndroidRuntime: FATAL EXCEPTION: mqt_native_modules
04-10 15:53:49.366 23739 23777 E AndroidRuntime: FATAL EXCEPTION: mqt_native_modules
04-10 15:58:26.030 29214 29252 E AndroidRuntime: FATAL EXCEPTION: mqt_native_modules
[16:06:13] 🟡 STALL: 04-10 16:05:21.219 30660 30705 I ProviderInstaller: Installed default security provider GmsCore_OpenSSL
04-10 16:05:21.219 30660 30705 I katniss_search_SecurityProviderTask: Security provider installed.
04-10 16:05:21.501 30660 30695 D nativeloader: Configuring classloader-namespace for other apk . target_sdk_version=36, uses_libraries=ALL, library_path=/data/app/~~uTgQydGjGIKEJ9DHdgP6gQ==/com.google.android.gms-ZQWSIbO6KlmdZs281JcErw==/split_CronetDynamite_installtime.apk!/lib/armeabi-v7a:/data/app/~~uTgQydGjGIKEJ9DHdgP6gQ==/com.google.android.gms-ZQWSIbO6KlmdZs281JcErw==/split_CronetDynamite_installtime.apk!/lib/armeabi, permitted_path=/data:/mnt/expand
[16:06:37] 🔴 CRASH: 04-10 15:12:07.537 21811 21847 E AndroidRuntime: FATAL EXCEPTION: mqt_native_modules
04-10 15:53:49.366 23739 23777 E AndroidRuntime: FATAL EXCEPTION: mqt_native_modules
04-10 15:58:26.030 29214 29252 E AndroidRuntime: FATAL EXCEPTION: mqt_native_modules
[16:06:37] 🟡 STALL: 04-10 16:05:21.219 30660 30705 I ProviderInstaller: Installed default security provider GmsCore_OpenSSL
04-10 16:05:21.219 30660 30705 I katniss_search_SecurityProviderTask: Security provider installed.
04-10 16:05:21.501 30660 30695 D nativeloader: Configuring classloader-namespace for other apk . target_sdk_version=36, uses_libraries=ALL, library_path=/data/app/~~uTgQydGjGIKEJ9DHdgP6gQ==/com.google.android.gms-ZQWSIbO6KlmdZs281JcErw==/split_CronetDynamite_installtime.apk!/lib/armeabi-v7a:/data/app/~~uTgQydGjGIKEJ9DHdgP6gQ==/com.google.android.gms-ZQWSIbO6KlmdZs281JcErw==/split_CronetDynamite_installtime.apk!/lib/armeabi, permitted_path=/data:/mnt/expand
[16:07:01] 🔴 CRASH: 04-10 15:12:07.537 21811 21847 E AndroidRuntime: FATAL EXCEPTION: mqt_native_modules
04-10 15:53:49.366 23739 23777 E AndroidRuntime: FATAL EXCEPTION: mqt_native_modules
04-10 15:58:26.030 29214 29252 E AndroidRuntime: FATAL EXCEPTION: mqt_native_modules
[16:07:01] 🟡 STALL: 04-10 16:05:21.219 30660 30705 I ProviderInstaller: Installed default security provider GmsCore_OpenSSL
04-10 16:05:21.219 30660 30705 I katniss_search_SecurityProviderTask: Security provider installed.
04-10 16:05:21.501 30660 30695 D nativeloader: Configuring classloader-namespace for other apk . target_sdk_version=36, uses_libraries=ALL, library_path=/data/app/~~uTgQydGjGIKEJ9DHdgP6gQ==/com.google.android.gms-ZQWSIbO6KlmdZs281JcErw==/split_CronetDynamite_installtime.apk!/lib/armeabi-v7a:/data/app/~~uTgQydGjGIKEJ9DHdgP6gQ==/com.google.android.gms-ZQWSIbO6KlmdZs281JcErw==/split_CronetDynamite_installtime.apk!/lib/armeabi, permitted_path=/data:/mnt/expand
[16:07:25] 🔴 CRASH: 04-10 15:12:07.537 21811 21847 E AndroidRuntime: FATAL EXCEPTION: mqt_native_modules
04-10 15:53:49.366 23739 23777 E AndroidRuntime: FATAL EXCEPTION: mqt_native_modules
04-10 15:58:26.030 29214 29252 E AndroidRuntime: FATAL EXCEPTION: mqt_native_modules
[16:07:25] 🟡 STALL: 04-10 16:05:21.219 30660 30705 I ProviderInstaller: Installed default security provider GmsCore_OpenSSL
04-10 16:05:21.219 30660 30705 I katniss_search_SecurityProviderTask: Security provider installed.
04-10 16:05:21.501 30660 30695 D nativeloader: Configuring classloader-namespace for other apk . target_sdk_version=36, uses_libraries=ALL, library_path=/data/app/~~uTgQydGjGIKEJ9DHdgP6gQ==/com.google.android.gms-ZQWSIbO6KlmdZs281JcErw==/split_CronetDynamite_installtime.apk!/lib/armeabi-v7a:/data/app/~~uTgQydGjGIKEJ9DHdgP6gQ==/com.google.android.gms-ZQWSIbO6KlmdZs281JcErw==/split_CronetDynamite_installtime.apk!/lib/armeabi, permitted_path=/data:/mnt/expand
[16:07:53] 🔴 CRASH: 04-10 15:12:07.537 21811 21847 E AndroidRuntime: FATAL EXCEPTION: mqt_native_modules
04-10 15:53:49.366 23739 23777 E AndroidRuntime: FATAL EXCEPTION: mqt_native_modules
04-10 15:58:26.030 29214 29252 E AndroidRuntime: FATAL EXCEPTION: mqt_native_modules
[16:07:53] 🟡 STALL: 04-10 16:05:21.219 30660 30705 I ProviderInstaller: Installed default security provider GmsCore_OpenSSL
04-10 16:05:21.219 30660 30705 I katniss_search_SecurityProviderTask: Security provider installed.
04-10 16:05:21.501 30660 30695 D nativeloader: Configuring classloader-namespace for other apk . target_sdk_version=36, uses_libraries=ALL, library_path=/data/app/~~uTgQydGjGIKEJ9DHdgP6gQ==/com.google.android.gms-ZQWSIbO6KlmdZs281JcErw==/split_CronetDynamite_installtime.apk!/lib/armeabi-v7a:/data/app/~~uTgQydGjGIKEJ9DHdgP6gQ==/com.google.android.gms-ZQWSIbO6KlmdZs281JcErw==/split_CronetDynamite_installtime.apk!/lib/armeabi, permitted_path=/data:/mnt/expand
[16:08:18] 🔴 CRASH: 04-10 15:12:07.537 21811 21847 E AndroidRuntime: FATAL EXCEPTION: mqt_native_modules
04-10 15:53:49.366 23739 23777 E AndroidRuntime: FATAL EXCEPTION: mqt_native_modules
04-10 15:58:26.030 29214 29252 E AndroidRuntime: FATAL EXCEPTION: mqt_native_modules
[16:08:18] 🟡 STALL: 04-10 16:05:21.219 30660 30705 I ProviderInstaller: Installed default security provider GmsCore_OpenSSL
04-10 16:05:21.219 30660 30705 I katniss_search_SecurityProviderTask: Security provider installed.
04-10 16:05:21.501 30660 30695 D nativeloader: Configuring classloader-namespace for other apk . target_sdk_version=36, uses_libraries=ALL, library_path=/data/app/~~uTgQydGjGIKEJ9DHdgP6gQ==/com.google.android.gms-ZQWSIbO6KlmdZs281JcErw==/split_CronetDynamite_installtime.apk!/lib/armeabi-v7a:/data/app/~~uTgQydGjGIKEJ9DHdgP6gQ==/com.google.android.gms-ZQWSIbO6KlmdZs281JcErw==/split_CronetDynamite_installtime.apk!/lib/armeabi, permitted_path=/data:/mnt/expand
[16:08:42] 🔴 CRASH: 04-10 15:12:07.537 21811 21847 E AndroidRuntime: FATAL EXCEPTION: mqt_native_modules
04-10 15:53:49.366 23739 23777 E AndroidRuntime: FATAL EXCEPTION: mqt_native_modules
04-10 15:58:26.030 29214 29252 E AndroidRuntime: FATAL EXCEPTION: mqt_native_modules
[16:08:42] 🟡 STALL: 04-10 16:05:21.219 30660 30705 I ProviderInstaller: Installed default security provider GmsCore_OpenSSL
04-10 16:05:21.219 30660 30705 I katniss_search_SecurityProviderTask: Security provider installed.
04-10 16:05:21.501 30660 30695 D nativeloader: Configuring classloader-namespace for other apk . target_sdk_version=36, uses_libraries=ALL, library_path=/data/app/~~uTgQydGjGIKEJ9DHdgP6gQ==/com.google.android.gms-ZQWSIbO6KlmdZs281JcErw==/split_CronetDynamite_installtime.apk!/lib/armeabi-v7a:/data/app/~~uTgQydGjGIKEJ9DHdgP6gQ==/com.google.android.gms-ZQWSIbO6KlmdZs281JcErw==/split_CronetDynamite_installtime.apk!/lib/armeabi, permitted_path=/data:/mnt/expand
[16:09:08] 🔴 CRASH: 04-10 15:12:07.537 21811 21847 E AndroidRuntime: FATAL EXCEPTION: mqt_native_modules
04-10 15:53:49.366 23739 23777 E AndroidRuntime: FATAL EXCEPTION: mqt_native_modules
04-10 15:58:26.030 29214 29252 E AndroidRuntime: FATAL EXCEPTION: mqt_native_modules
[16:09:08] 🟡 STALL: 04-10 16:05:21.219 30660 30705 I ProviderInstaller: Installed default security provider GmsCore_OpenSSL
04-10 16:05:21.219 30660 30705 I katniss_search_SecurityProviderTask: Security provider installed.
04-10 16:05:21.501 30660 30695 D nativeloader: Configuring classloader-namespace for other apk . target_sdk_version=36, uses_libraries=ALL, library_path=/data/app/~~uTgQydGjGIKEJ9DHdgP6gQ==/com.google.android.gms-ZQWSIbO6KlmdZs281JcErw==/split_CronetDynamite_installtime.apk!/lib/armeabi-v7a:/data/app/~~uTgQydGjGIKEJ9DHdgP6gQ==/com.google.android.gms-ZQWSIbO6KlmdZs281JcErw==/split_CronetDynamite_installtime.apk!/lib/armeabi, permitted_path=/data:/mnt/expand
[16:09:38] 🔴 CRASH: 04-10 15:12:07.537 21811 21847 E AndroidRuntime: FATAL EXCEPTION: mqt_native_modules
04-10 15:53:49.366 23739 23777 E AndroidRuntime: FATAL EXCEPTION: mqt_native_modules
04-10 15:58:26.030 29214 29252 E AndroidRuntime: FATAL EXCEPTION: mqt_native_modules
[16:09:38] 🟡 STALL: 04-10 16:05:21.219 30660 30705 I ProviderInstaller: Installed default security provider GmsCore_OpenSSL
04-10 16:05:21.219 30660 30705 I katniss_search_SecurityProviderTask: Security provider installed.
04-10 16:05:21.501 30660 30695 D nativeloader: Configuring classloader-namespace for other apk . target_sdk_version=36, uses_libraries=ALL, library_path=/data/app/~~uTgQydGjGIKEJ9DHdgP6gQ==/com.google.android.gms-ZQWSIbO6KlmdZs281JcErw==/split_CronetDynamite_installtime.apk!/lib/armeabi-v7a:/data/app/~~uTgQydGjGIKEJ9DHdgP6gQ==/com.google.android.gms-ZQWSIbO6KlmdZs281JcErw==/split_CronetDynamite_installtime.apk!/lib/armeabi, permitted_path=/data:/mnt/expand
[16:10:04] 🔴 CRASH: 04-10 15:12:07.537 21811 21847 E AndroidRuntime: FATAL EXCEPTION: mqt_native_modules
04-10 15:53:49.366 23739 23777 E AndroidRuntime: FATAL EXCEPTION: mqt_native_modules
04-10 15:58:26.030 29214 29252 E AndroidRuntime: FATAL EXCEPTION: mqt_native_modules
[16:10:04] 🟡 STALL: 04-10 16:05:21.219 30660 30705 I ProviderInstaller: Installed default security provider GmsCore_OpenSSL
04-10 16:05:21.219 30660 30705 I katniss_search_SecurityProviderTask: Security provider installed.
04-10 16:05:21.501 30660 30695 D nativeloader: Configuring classloader-namespace for other apk . target_sdk_version=36, uses_libraries=ALL, library_path=/data/app/~~uTgQydGjGIKEJ9DHdgP6gQ==/com.google.android.gms-ZQWSIbO6KlmdZs281JcErw==/split_CronetDynamite_installtime.apk!/lib/armeabi-v7a:/data/app/~~uTgQydGjGIKEJ9DHdgP6gQ==/com.google.android.gms-ZQWSIbO6KlmdZs281JcErw==/split_CronetDynamite_installtime.apk!/lib/armeabi, permitted_path=/data:/mnt/expand
[16:10:31] 🔴 CRASH: 04-10 15:12:07.537 21811 21847 E AndroidRuntime: FATAL EXCEPTION: mqt_native_modules
04-10 15:53:49.366 23739 23777 E AndroidRuntime: FATAL EXCEPTION: mqt_native_modules
04-10 15:58:26.030 29214 29252 E AndroidRuntime: FATAL EXCEPTION: mqt_native_modules
[16:10:31] 🟡 STALL: 04-10 16:05:21.219 30660 30705 I ProviderInstaller: Installed default security provider GmsCore_OpenSSL
04-10 16:05:21.219 30660 30705 I katniss_search_SecurityProviderTask: Security provider installed.
04-10 16:05:21.501 30660 30695 D nativeloader: Configuring classloader-namespace for other apk . target_sdk_version=36, uses_libraries=ALL, library_path=/data/app/~~uTgQydGjGIKEJ9DHdgP6gQ==/com.google.android.gms-ZQWSIbO6KlmdZs281JcErw==/split_CronetDynamite_installtime.apk!/lib/armeabi-v7a:/data/app/~~uTgQydGjGIKEJ9DHdgP6gQ==/com.google.android.gms-ZQWSIbO6KlmdZs281JcErw==/split_CronetDynamite_installtime.apk!/lib/armeabi, permitted_path=/data:/mnt/expand
[16:10:57] 🔴 CRASH: 04-10 15:12:07.537 21811 21847 E AndroidRuntime: FATAL EXCEPTION: mqt_native_modules
04-10 15:53:49.366 23739 23777 E AndroidRuntime: FATAL EXCEPTION: mqt_native_modules
04-10 15:58:26.030 29214 29252 E AndroidRuntime: FATAL EXCEPTION: mqt_native_modules
[16:10:57] 🟡 STALL: 04-10 16:05:21.219 30660 30705 I ProviderInstaller: Installed default security provider GmsCore_OpenSSL
04-10 16:05:21.219 30660 30705 I katniss_search_SecurityProviderTask: Security provider installed.
04-10 16:05:21.501 30660 30695 D nativeloader: Configuring classloader-namespace for other apk . target_sdk_version=36, uses_libraries=ALL, library_path=/data/app/~~uTgQydGjGIKEJ9DHdgP6gQ==/com.google.android.gms-ZQWSIbO6KlmdZs281JcErw==/split_CronetDynamite_installtime.apk!/lib/armeabi-v7a:/data/app/~~uTgQydGjGIKEJ9DHdgP6gQ==/com.google.android.gms-ZQWSIbO6KlmdZs281JcErw==/split_CronetDynamite_installtime.apk!/lib/armeabi, permitted_path=/data:/mnt/expand
[16:11:24] 🔴 CRASH: 04-10 15:12:07.537 21811 21847 E AndroidRuntime: FATAL EXCEPTION: mqt_native_modules
04-10 15:53:49.366 23739 23777 E AndroidRuntime: FATAL EXCEPTION: mqt_native_modules
04-10 15:58:26.030 29214 29252 E AndroidRuntime: FATAL EXCEPTION: mqt_native_modules
[16:11:24] 🟡 STALL: 04-10 16:05:21.219 30660 30705 I ProviderInstaller: Installed default security provider GmsCore_OpenSSL
04-10 16:05:21.219 30660 30705 I katniss_search_SecurityProviderTask: Security provider installed.
04-10 16:05:21.501 30660 30695 D nativeloader: Configuring classloader-namespace for other apk . target_sdk_version=36, uses_libraries=ALL, library_path=/data/app/~~uTgQydGjGIKEJ9DHdgP6gQ==/com.google.android.gms-ZQWSIbO6KlmdZs281JcErw==/split_CronetDynamite_installtime.apk!/lib/armeabi-v7a:/data/app/~~uTgQydGjGIKEJ9DHdgP6gQ==/com.google.android.gms-ZQWSIbO6KlmdZs281JcErw==/split_CronetDynamite_installtime.apk!/lib/armeabi, permitted_path=/data:/mnt/expand
[16:11:50] 🔴 CRASH: 04-10 15:12:07.537 21811 21847 E AndroidRuntime: FATAL EXCEPTION: mqt_native_modules
04-10 15:53:49.366 23739 23777 E AndroidRuntime: FATAL EXCEPTION: mqt_native_modules
04-10 15:58:26.030 29214 29252 E AndroidRuntime: FATAL EXCEPTION: mqt_native_modules
[16:11:50] 🟡 STALL: 04-10 16:05:21.219 30660 30705 I ProviderInstaller: Installed default security provider GmsCore_OpenSSL
04-10 16:05:21.219 30660 30705 I katniss_search_SecurityProviderTask: Security provider installed.
04-10 16:05:21.501 30660 30695 D nativeloader: Configuring classloader-namespace for other apk . target_sdk_version=36, uses_libraries=ALL, library_path=/data/app/~~uTgQydGjGIKEJ9DHdgP6gQ==/com.google.android.gms-ZQWSIbO6KlmdZs281JcErw==/split_CronetDynamite_installtime.apk!/lib/armeabi-v7a:/data/app/~~uTgQydGjGIKEJ9DHdgP6gQ==/com.google.android.gms-ZQWSIbO6KlmdZs281JcErw==/split_CronetDynamite_installtime.apk!/lib/armeabi, permitted_path=/data:/mnt/expand
[16:12:19] 🔴 CRASH: 04-10 15:12:07.537 21811 21847 E AndroidRuntime: FATAL EXCEPTION: mqt_native_modules
04-10 15:53:49.366 23739 23777 E AndroidRuntime: FATAL EXCEPTION: mqt_native_modules
04-10 15:58:26.030 29214 29252 E AndroidRuntime: FATAL EXCEPTION: mqt_native_modules
[16:12:19] 🟡 STALL: 04-10 16:05:21.219 30660 30705 I ProviderInstaller: Installed default security provider GmsCore_OpenSSL
04-10 16:05:21.219 30660 30705 I katniss_search_SecurityProviderTask: Security provider installed.
04-10 16:05:21.501 30660 30695 D nativeloader: Configuring classloader-namespace for other apk . target_sdk_version=36, uses_libraries=ALL, library_path=/data/app/~~uTgQydGjGIKEJ9DHdgP6gQ==/com.google.android.gms-ZQWSIbO6KlmdZs281JcErw==/split_CronetDynamite_installtime.apk!/lib/armeabi-v7a:/data/app/~~uTgQydGjGIKEJ9DHdgP6gQ==/com.google.android.gms-ZQWSIbO6KlmdZs281JcErw==/split_CronetDynamite_installtime.apk!/lib/armeabi, permitted_path=/data:/mnt/expand
[16:12:46] 🔴 CRASH: 04-10 15:12:07.537 21811 21847 E AndroidRuntime: FATAL EXCEPTION: mqt_native_modules
04-10 15:53:49.366 23739 23777 E AndroidRuntime: FATAL EXCEPTION: mqt_native_modules
04-10 15:58:26.030 29214 29252 E AndroidRuntime: FATAL EXCEPTION: mqt_native_modules
[16:12:46] 🟡 STALL: 04-10 16:05:21.219 30660 30705 I ProviderInstaller: Installed default security provider GmsCore_OpenSSL
04-10 16:05:21.219 30660 30705 I katniss_search_SecurityProviderTask: Security provider installed.
04-10 16:05:21.501 30660 30695 D nativeloader: Configuring classloader-namespace for other apk . target_sdk_version=36, uses_libraries=ALL, library_path=/data/app/~~uTgQydGjGIKEJ9DHdgP6gQ==/com.google.android.gms-ZQWSIbO6KlmdZs281JcErw==/split_CronetDynamite_installtime.apk!/lib/armeabi-v7a:/data/app/~~uTgQydGjGIKEJ9DHdgP6gQ==/com.google.android.gms-ZQWSIbO6KlmdZs281JcErw==/split_CronetDynamite_installtime.apk!/lib/armeabi, permitted_path=/data:/mnt/expand
[16:13:14] 🔴 CRASH: 04-10 15:12:07.537 21811 21847 E AndroidRuntime: FATAL EXCEPTION: mqt_native_modules
04-10 15:53:49.366 23739 23777 E AndroidRuntime: FATAL EXCEPTION: mqt_native_modules
04-10 15:58:26.030 29214 29252 E AndroidRuntime: FATAL EXCEPTION: mqt_native_modules
[16:13:14] 🟡 STALL: 04-10 16:05:21.219 30660 30705 I ProviderInstaller: Installed default security provider GmsCore_OpenSSL
04-10 16:05:21.219 30660 30705 I katniss_search_SecurityProviderTask: Security provider installed.
04-10 16:05:21.501 30660 30695 D nativeloader: Configuring classloader-namespace for other apk . target_sdk_version=36, uses_libraries=ALL, library_path=/data/app/~~uTgQydGjGIKEJ9DHdgP6gQ==/com.google.android.gms-ZQWSIbO6KlmdZs281JcErw==/split_CronetDynamite_installtime.apk!/lib/armeabi-v7a:/data/app/~~uTgQydGjGIKEJ9DHdgP6gQ==/com.google.android.gms-ZQWSIbO6KlmdZs281JcErw==/split_CronetDynamite_installtime.apk!/lib/armeabi, permitted_path=/data:/mnt/expand
[16:13:42] 🔴 CRASH: 04-10 15:12:07.537 21811 21847 E AndroidRuntime: FATAL EXCEPTION: mqt_native_modules
04-10 15:53:49.366 23739 23777 E AndroidRuntime: FATAL EXCEPTION: mqt_native_modules
04-10 15:58:26.030 29214 29252 E AndroidRuntime: FATAL EXCEPTION: mqt_native_modules
[16:13:42] 🟡 STALL: 04-10 16:05:21.219 30660 30705 I ProviderInstaller: Installed default security provider GmsCore_OpenSSL
04-10 16:05:21.219 30660 30705 I katniss_search_SecurityProviderTask: Security provider installed.
04-10 16:05:21.501 30660 30695 D nativeloader: Configuring classloader-namespace for other apk . target_sdk_version=36, uses_libraries=ALL, library_path=/data/app/~~uTgQydGjGIKEJ9DHdgP6gQ==/com.google.android.gms-ZQWSIbO6KlmdZs281JcErw==/split_CronetDynamite_installtime.apk!/lib/armeabi-v7a:/data/app/~~uTgQydGjGIKEJ9DHdgP6gQ==/com.google.android.gms-ZQWSIbO6KlmdZs281JcErw==/split_CronetDynamite_installtime.apk!/lib/armeabi, permitted_path=/data:/mnt/expand
[16:14:11] 🔴 CRASH: 04-10 15:12:07.537 21811 21847 E AndroidRuntime: FATAL EXCEPTION: mqt_native_modules
04-10 15:53:49.366 23739 23777 E AndroidRuntime: FATAL EXCEPTION: mqt_native_modules
04-10 15:58:26.030 29214 29252 E AndroidRuntime: FATAL EXCEPTION: mqt_native_modules
[16:14:11] 🟡 STALL: 04-10 16:05:21.501 30660 30695 D nativeloader: Configuring classloader-namespace for other apk . target_sdk_version=36, uses_libraries=ALL, library_path=/data/app/~~uTgQydGjGIKEJ9DHdgP6gQ==/com.google.android.gms-ZQWSIbO6KlmdZs281JcErw==/split_CronetDynamite_installtime.apk!/lib/armeabi-v7a:/data/app/~~uTgQydGjGIKEJ9DHdgP6gQ==/com.google.android.gms-ZQWSIbO6KlmdZs281JcErw==/split_CronetDynamite_installtime.apk!/lib/armeabi, permitted_path=/data:/mnt/expand
04-10 16:14:02.188 29777 31730 D AudioTrack: getTimestamp_l(157): device stall time corrected using current time 20013987589380
04-10 16:14:05.479 29777 31730 D AudioTrack: getTimestamp_l(157): device stall time corrected using current time 20017278128542
[16:14:41] 🔴 CRASH: 04-10 15:12:07.537 21811 21847 E AndroidRuntime: FATAL EXCEPTION: mqt_native_modules
04-10 15:53:49.366 23739 23777 E AndroidRuntime: FATAL EXCEPTION: mqt_native_modules
04-10 15:58:26.030 29214 29252 E AndroidRuntime: FATAL EXCEPTION: mqt_native_modules
[16:14:41] 🟡 STALL: 04-10 16:14:05.479 29777 31730 D AudioTrack: getTimestamp_l(157): device stall time corrected using current time 20017278128542
04-10 16:14:37.192 29777 31730 D AudioTrack: getTimestamp_l(164): device stall time corrected using current time 20048991608039
04-10 16:14:38.900 29777 31730 D AudioTrack: getTimestamp_l(164): device stall time corrected using current time 20050699049542
[16:15:12] 🔴 CRASH: 04-10 15:12:07.537 21811 21847 E AndroidRuntime: FATAL EXCEPTION: mqt_native_modules
04-10 15:53:49.366 23739 23777 E AndroidRuntime: FATAL EXCEPTION: mqt_native_modules
04-10 15:58:26.030 29214 29252 E AndroidRuntime: FATAL EXCEPTION: mqt_native_modules
[16:15:12] 🟡 STALL: 04-10 16:14:38.900 29777 31730 D AudioTrack: getTimestamp_l(164): device stall time corrected using current time 20050699049542
04-10 16:14:47.833 29777 31730 E ExoPlayerImplInternal: Playback error
04-10 16:14:58.179 29777 31907 D AudioTrack: getTimestamp_l(165): device stall time corrected using current time 20069978110466
[16:15:41] 🔴 CRASH: 04-10 15:12:07.537 21811 21847 E AndroidRuntime: FATAL EXCEPTION: mqt_native_modules
04-10 15:53:49.366 23739 23777 E AndroidRuntime: FATAL EXCEPTION: mqt_native_modules
04-10 15:58:26.030 29214 29252 E AndroidRuntime: FATAL EXCEPTION: mqt_native_modules
[16:15:41] 🟡 STALL: 04-10 16:14:38.900 29777 31730 D AudioTrack: getTimestamp_l(164): device stall time corrected using current time 20050699049542
04-10 16:14:47.833 29777 31730 E ExoPlayerImplInternal: Playback error
04-10 16:14:58.179 29777 31907 D AudioTrack: getTimestamp_l(165): device stall time corrected using current time 20069978110466
[16:16:10] 🔴 CRASH: 04-10 15:12:07.537 21811 21847 E AndroidRuntime: FATAL EXCEPTION: mqt_native_modules
04-10 15:53:49.366 23739 23777 E AndroidRuntime: FATAL EXCEPTION: mqt_native_modules
04-10 15:58:26.030 29214 29252 E AndroidRuntime: FATAL EXCEPTION: mqt_native_modules
[16:16:10] 🟡 STALL: 04-10 16:14:38.900 29777 31730 D AudioTrack: getTimestamp_l(164): device stall time corrected using current time 20050699049542
04-10 16:14:47.833 29777 31730 E ExoPlayerImplInternal: Playback error
04-10 16:14:58.179 29777 31907 D AudioTrack: getTimestamp_l(165): device stall time corrected using current time 20069978110466
[16:16:40] 🔴 CRASH: 04-10 15:12:07.537 21811 21847 E AndroidRuntime: FATAL EXCEPTION: mqt_native_modules
04-10 15:53:49.366 23739 23777 E AndroidRuntime: FATAL EXCEPTION: mqt_native_modules
04-10 15:58:26.030 29214 29252 E AndroidRuntime: FATAL EXCEPTION: mqt_native_modules
[16:16:40] 🟡 STALL: 04-10 16:14:38.900 29777 31730 D AudioTrack: getTimestamp_l(164): device stall time corrected using current time 20050699049542
04-10 16:14:47.833 29777 31730 E ExoPlayerImplInternal: Playback error
04-10 16:14:58.179 29777 31907 D AudioTrack: getTimestamp_l(165): device stall time corrected using current time 20069978110466
[16:17:09] 🔴 CRASH: 04-10 15:12:07.537 21811 21847 E AndroidRuntime: FATAL EXCEPTION: mqt_native_modules
04-10 15:53:49.366 23739 23777 E AndroidRuntime: FATAL EXCEPTION: mqt_native_modules
04-10 15:58:26.030 29214 29252 E AndroidRuntime: FATAL EXCEPTION: mqt_native_modules
[16:17:09] 🟡 STALL: 04-10 16:14:38.900 29777 31730 D AudioTrack: getTimestamp_l(164): device stall time corrected using current time 20050699049542
04-10 16:14:47.833 29777 31730 E ExoPlayerImplInternal: Playback error
04-10 16:14:58.179 29777 31907 D AudioTrack: getTimestamp_l(165): device stall time corrected using current time 20069978110466
[16:17:38] 🔴 CRASH: 04-10 15:12:07.537 21811 21847 E AndroidRuntime: FATAL EXCEPTION: mqt_native_modules
04-10 15:53:49.366 23739 23777 E AndroidRuntime: FATAL EXCEPTION: mqt_native_modules
04-10 15:58:26.030 29214 29252 E AndroidRuntime: FATAL EXCEPTION: mqt_native_modules
[16:17:38] 🟡 STALL: 04-10 16:14:38.900 29777 31730 D AudioTrack: getTimestamp_l(164): device stall time corrected using current time 20050699049542
04-10 16:14:47.833 29777 31730 E ExoPlayerImplInternal: Playback error
04-10 16:14:58.179 29777 31907 D AudioTrack: getTimestamp_l(165): device stall time corrected using current time 20069978110466
[16:18:09] 🔴 CRASH: 04-10 15:12:07.537 21811 21847 E AndroidRuntime: FATAL EXCEPTION: mqt_native_modules
04-10 15:53:49.366 23739 23777 E AndroidRuntime: FATAL EXCEPTION: mqt_native_modules
04-10 15:58:26.030 29214 29252 E AndroidRuntime: FATAL EXCEPTION: mqt_native_modules
[16:18:09] 🟡 STALL: 04-10 16:14:38.900 29777 31730 D AudioTrack: getTimestamp_l(164): device stall time corrected using current time 20050699049542
04-10 16:14:47.833 29777 31730 E ExoPlayerImplInternal: Playback error
04-10 16:14:58.179 29777 31907 D AudioTrack: getTimestamp_l(165): device stall time corrected using current time 20069978110466
[16:18:40] 🔴 CRASH: 04-10 15:12:07.537 21811 21847 E AndroidRuntime: FATAL EXCEPTION: mqt_native_modules
04-10 15:53:49.366 23739 23777 E AndroidRuntime: FATAL EXCEPTION: mqt_native_modules
04-10 15:58:26.030 29214 29252 E AndroidRuntime: FATAL EXCEPTION: mqt_native_modules
[16:18:40] 🟡 STALL: 04-10 16:14:38.900 29777 31730 D AudioTrack: getTimestamp_l(164): device stall time corrected using current time 20050699049542
04-10 16:14:47.833 29777 31730 E ExoPlayerImplInternal: Playback error
04-10 16:14:58.179 29777 31907 D AudioTrack: getTimestamp_l(165): device stall time corrected using current time 20069978110466
[16:19:11] 🔴 CRASH: 04-10 15:12:07.537 21811 21847 E AndroidRuntime: FATAL EXCEPTION: mqt_native_modules
04-10 15:53:49.366 23739 23777 E AndroidRuntime: FATAL EXCEPTION: mqt_native_modules
04-10 15:58:26.030 29214 29252 E AndroidRuntime: FATAL EXCEPTION: mqt_native_modules
[16:19:11] 🟡 STALL: 04-10 16:14:38.900 29777 31730 D AudioTrack: getTimestamp_l(164): device stall time corrected using current time 20050699049542
04-10 16:14:47.833 29777 31730 E ExoPlayerImplInternal: Playback error
04-10 16:14:58.179 29777 31907 D AudioTrack: getTimestamp_l(165): device stall time corrected using current time 20069978110466
[16:19:44] 🔴 CRASH: 04-10 15:12:07.537 21811 21847 E AndroidRuntime: FATAL EXCEPTION: mqt_native_modules
04-10 15:53:49.366 23739 23777 E AndroidRuntime: FATAL EXCEPTION: mqt_native_modules
04-10 15:58:26.030 29214 29252 E AndroidRuntime: FATAL EXCEPTION: mqt_native_modules
